isp_atc_id,eqp_nm,jero_id,isp_nvl_ctn
SPCWND1077,WINDER001,J00001,0.27
SPCWND1077,WINDER012,J00002,0.1
SPCWND1077,WINDER006,J00003,0.15
SPCWND1077,WINDER008,J00004,0.26
SPCWND1077,WINDER012,J00005,0.24
SPCWND1077,WINDER016,J00006,0.15
SPCWND1077,WINDER011,J00007,0.19
SPCWND1077,WINDER020,J00008,0.69
SPCWND1077,WINDER005,J00009,0.17
SPCWND1077,WINDER006,J00010,0.15
SPCWND1077,WINDER005,J00011,0.2
SPCWND1077,WINDER012,J00012,0.22
SPCWND1092,WINDER007,J00013,0.56
SPCWND1092,WINDER019,J00014,0.19
SPCWND1092,WINDER014,J00015,0.22
SPCWND1092,WINDER003,J00016,0.16
SPCWND1077,WINDER005,J00017,0.11
SPCWND1092,WINDER006,J00018,0.21
SPCWND1077,WINDER001,J00019,0.22
SPCWND1077,WINDER002,J00020,0.14
SPCWND1077,WINDER020,J00021,0.87
SPCWND1077,WINDER001,J00022,0.21
SPCWND1092,WINDER009,J00023,0.16
SPCWND1092,WINDER007,J00024,0.7
SPCWND1077,WINDER003,J00025,0.14
SPCWND1092,WINDER009,J00026,0.2
SPCWND1092,WINDER020,J00027,0.87
SPCWND1092,WINDER006,J00028,0.25
SPCWND1077,WINDER010,J00029,0.27
SPCWND1092,WINDER006,J00030,0.13
SPCWND1092,WINDER009,J00031,0.24
SPCWND1077,WINDER005,J00032,0.17
SPCWND1077,WINDER002,J00033,0.26
SPCWND1077,WINDER006,J00034,0.24
SPCWND1077,WINDER003,J00035,0.12
SPCWND1092,WINDER005,J00036,0.29
SPCWND1077,WINDER011,J00037,0.12
SPCWND1077,WINDER015,J00038,0.18
SPCWND1092,WINDER003,J00039,0.22
SPCWND1092,WINDER020,J00040,0.62
SPCWND1092,WINDER016,J00041,0.15
SPCWND1092,WINDER020,J00042,0.74
SPCWND1077,WINDER012,J00043,0.28
SPCWND1077,WINDER011,J00044,0.22
SPCWND1092,WINDER019,J00045,0.23
SPCWND1077,WINDER013,J00046,0.14
SPCWND1092,WINDER005,J00047,0.22
SPCWND1077,WINDER012,J00048,0.19
SPCWND1092,WINDER013,J00049,0.13
SPCWND1092,WINDER007,J00050,0.74
SPCWND1092,WINDER018,J00051,0.28
SPCWND1092,WINDER017,J00052,0.16
SPCWND1092,WINDER002,J00053,0.17
SPCWND1092,WINDER005,J00054,0.22
SPCWND1077,WINDER013,J00055,0.14
SPCWND1092,WINDER007,J00056,0.83
SPCWND1077,WINDER007,J00057,0.66
SPCWND1092,WINDER007,J00058,0.84
SPCWND1077,WINDER020,J00059,0.79
SPCWND1092,WINDER008,J00060,0.15
SPCWND1077,WINDER015,J00061,0.17
SPCWND1092,WINDER015,J00062,0.28
SPCWND1092,WINDER004,J00063,0.14
SPCWND1092,WINDER018,J00064,0.23
SPCWND1092,WINDER018,J00065,0.26
SPCWND1077,WINDER012,J00066,0.24
SPCWND1092,WINDER004,J00067,0.29
SPCWND1077,WINDER019,J00068,0.16
SPCWND1077,WINDER018,J00069,0.27
SPCWND1092,WINDER007,J00070,0.75
SPCWND1077,WINDER001,J00071,0.23
SPCWND1077,WINDER015,J00072,0.29
SPCWND1077,WINDER016,J00073,0.3
SPCWND1077,WINDER010,J00074,0.19
SPCWND1092,WINDER007,J00075,0.67
SPCWND1092,WINDER012,J00076,0.17
SPCWND1077,WINDER002,J00077,0.15
SPCWND1077,WINDER002,J00078,0.27
SPCWND1077,WINDER015,J00079,0.16
SPCWND1092,WINDER005,J00080,0.15
SPCWND1077,WINDER017,J00081,0.26
SPCWND1077,WINDER002,J00082,0.24
SPCWND1092,WINDER003,J00083,0.29
SPCWND1077,WINDER004,J00084,0.11
SPCWND1092,WINDER014,J00085,0.25
SPCWND1077,WINDER014,J00086,0.23
SPCWND1077,WINDER013,J00087,0.21
SPCWND1092,WINDER014,J00088,0.26
SPCWND1077,WINDER005,J00089,0.28
SPCWND1077,WINDER006,J00090,0.25
SPCWND1092,WINDER015,J00091,0.26
SPCWND1077,WINDER010,J00092,0.15
SPCWND1077,WINDER015,J00093,0.12
SPCWND1077,WINDER002,J00094,0.14
SPCWND1077,WINDER009,J00095,0.21
SPCWND1077,WINDER005,J00096,0.11
SPCWND1077,WINDER005,J00097,0.11
SPCWND1092,WINDER011,J00098,0.17
SPCWND1077,WINDER013,J00099,0.22
SPCWND1077,WINDER009,J00100,0.3
SPCWND1092,WINDER001,J00101,0.29
SPCWND1092,WINDER004,J00102,0.17
SPCWND1092,WINDER013,J00103,0.13
SPCWND1092,WINDER017,J00104,0.17
SPCWND1092,WINDER015,J00105,0.16
SPCWND1077,WINDER017,J00106,0.29
SPCWND1092,WINDER001,J00107,0.13
SPCWND1077,WINDER003,J00108,0.15
SPCWND1077,WINDER006,J00109,0.28
SPCWND1092,WINDER002,J00110,0.22
SPCWND1092,WINDER008,J00111,0.22
SPCWND1077,WINDER016,J00112,0.23
SPCWND1077,WINDER001,J00113,0.24
SPCWND1077,WINDER017,J00114,0.1
SPCWND1092,WINDER005,J00115,0.15
SPCWND1077,WINDER009,J00116,0.27
SPCWND1077,WINDER016,J00117,0.29
SPCWND1092,WINDER005,J00118,0.2
SPCWND1092,WINDER003,J00119,0.29
SPCWND1092,WINDER016,J00120,0.1
SPCWND1077,WINDER013,J00121,0.24
SPCWND1092,WINDER020,J00122,0.74
SPCWND1092,WINDER015,J00123,0.12
SPCWND1077,WINDER004,J00124,0.19
SPCWND1077,WINDER016,J00125,0.28
SPCWND1077,WINDER016,J00126,0.25
SPCWND1092,WINDER011,J00127,0.19
SPCWND1092,WINDER007,J00128,0.69
SPCWND1092,WINDER005,J00129,0.21
SPCWND1077,WINDER009,J00130,0.29
SPCWND1077,WINDER002,J00131,0.19
SPCWND1077,WINDER005,J00132,0.26
SPCWND1092,WINDER003,J00133,0.25
SPCWND1077,WINDER017,J00134,0.25
SPCWND1077,WINDER006,J00135,0.1
SPCWND1077,WINDER019,J00136,0.12
SPCWND1092,WINDER018,J00137,0.16
SPCWND1077,WINDER009,J00138,0.12
SPCWND1092,WINDER018,J00139,0.26
SPCWND1077,WINDER005,J00140,0.17
SPCWND1092,WINDER009,J00141,0.24
SPCWND1092,WINDER013,J00142,0.12
SPCWND1092,WINDER016,J00143,0.12
SPCWND1077,WINDER012,J00144,0.27
SPCWND1077,WINDER012,J00145,0.23
SPCWND1092,WINDER003,J00146,0.26
SPCWND1077,WINDER019,J00147,0.23
SPCWND1077,WINDER018,J00148,0.19
SPCWND1092,WINDER010,J00149,0.15
SPCWND1077,WINDER007,J00150,0.77
SPCWND1077,WINDER011,J00151,0.14
SPCWND1092,WINDER018,J00152,0.29
SPCWND1092,WINDER003,J00153,0.2
SPCWND1077,WINDER007,J00154,0.69
SPCWND1077,WINDER013,J00155,0.28
SPCWND1092,WINDER010,J00156,0.17
SPCWND1077,WINDER015,J00157,0.29
SPCWND1092,WINDER014,J00158,0.1
SPCWND1092,WINDER010,J00159,0.13
SPCWND1092,WINDER017,J00160,0.26
SPCWND1077,WINDER014,J00161,0.15
SPCWND1077,WINDER013,J00162,0.17
SPCWND1077,WINDER017,J00163,0.19
SPCWND1077,WINDER011,J00164,0.27
SPCWND1092,WINDER020,J00165,0.62
SPCWND1092,WINDER020,J00166,0.54
SPCWND1092,WINDER004,J00167,0.13
SPCWND1077,WINDER011,J00168,0.13
SPCWND1092,WINDER009,J00169,0.26
SPCWND1077,WINDER017,J00170,0.21
SPCWND1092,WINDER008,J00171,0.18
SPCWND1092,WINDER003,J00172,0.3
SPCWND1092,WINDER020,J00173,0.85
SPCWND1077,WINDER016,J00174,0.14
SPCWND1092,WINDER004,J00175,0.25
SPCWND1077,WINDER019,J00176,0.12
SPCWND1077,WINDER003,J00177,0.14
SPCWND1077,WINDER003,J00178,0.28
SPCWND1092,WINDER018,J00179,0.11
SPCWND1092,WINDER007,J00180,0.71
SPCWND1092,WINDER001,J00181,0.2
SPCWND1077,WINDER013,J00182,0.15
SPCWND1077,WINDER012,J00183,0.21
SPCWND1092,WINDER016,J00184,0.22
SPCWND1092,WINDER010,J00185,0.28
SPCWND1077,WINDER011,J00186,0.19
SPCWND1092,WINDER011,J00187,0.28
SPCWND1077,WINDER018,J00188,0.24
SPCWND1077,WINDER017,J00189,0.22
SPCWND1077,WINDER009,J00190,0.26
SPCWND1092,WINDER013,J00191,0.22
SPCWND1092,WINDER008,J00192,0.12
SPCWND1092,WINDER006,J00193,0.1
SPCWND1092,WINDER015,J00194,0.19
SPCWND1077,WINDER010,J00195,0.17
SPCWND1077,WINDER010,J00196,0.26
SPCWND1092,WINDER008,J00197,0.15
SPCWND1077,WINDER012,J00198,0.11
SPCWND1092,WINDER017,J00199,0.16
SPCWND1077,WINDER004,J00200,0.13
SPCWND1092,WINDER007,J00201,0.58
SPCWND1077,WINDER011,J00202,0.19
SPCWND1077,WINDER007,J00203,0.83
SPCWND1077,WINDER017,J00204,0.24
SPCWND1077,WINDER017,J00205,0.27
SPCWND1092,WINDER020,J00206,0.63
SPCWND1092,WINDER016,J00207,0.23
SPCWND1092,WINDER011,J00208,0.17
SPCWND1077,WINDER014,J00209,0.18
SPCWND1092,WINDER008,J00210,0.22
SPCWND1092,WINDER008,J00211,0.15
SPCWND1092,WINDER012,J00212,0.21
SPCWND1092,WINDER002,J00213,0.1
SPCWND1077,WINDER012,J00214,0.23
SPCWND1092,WINDER011,J00215,0.16
SPCWND1077,WINDER019,J00216,0.17
SPCWND1077,WINDER010,J00217,0.25
SPCWND1077,WINDER017,J00218,0.24
SPCWND1077,WINDER016,J00219,0.17
SPCWND1077,WINDER012,J00220,0.21
SPCWND1092,WINDER019,J00221,0.26
SPCWND1077,WINDER001,J00222,0.27
SPCWND1077,WINDER019,J00223,0.11
SPCWND1092,WINDER008,J00224,0.28
SPCWND1077,WINDER007,J00225,0.82
SPCWND1077,WINDER003,J00226,0.19
SPCWND1077,WINDER004,J00227,0.19
SPCWND1092,WINDER005,J00228,0.25
SPCWND1077,WINDER016,J00229,0.2
SPCWND1077,WINDER011,J00230,0.13
SPCWND1077,WINDER009,J00231,0.28
SPCWND1092,WINDER015,J00232,0.16
SPCWND1077,WINDER017,J00233,0.21
SPCWND1077,WINDER002,J00234,0.26
SPCWND1092,WINDER019,J00235,0.29
SPCWND1092,WINDER012,J00236,0.26
SPCWND1077,WINDER012,J00237,0.19
SPCWND1077,WINDER009,J00238,0.25
SPCWND1092,WINDER020,J00239,0.64
SPCWND1077,WINDER016,J00240,0.16
SPCWND1092,WINDER014,J00241,0.12
SPCWND1092,WINDER019,J00242,0.14
SPCWND1077,WINDER010,J00243,0.29
SPCWND1077,WINDER004,J00244,0.24
SPCWND1077,WINDER003,J00245,0.25
SPCWND1092,WINDER013,J00246,0.22
SPCWND1092,WINDER011,J00247,0.1
SPCWND1092,WINDER014,J00248,0.12
SPCWND1092,WINDER018,J00249,0.26
SPCWND1077,WINDER009,J00250,0.28
SPCWND1092,WINDER019,J00251,0.24
SPCWND1092,WINDER006,J00252,0.15
SPCWND1092,WINDER009,J00253,0.28
SPCWND1092,WINDER015,J00254,0.17
SPCWND1092,WINDER020,J00255,0.74
SPCWND1077,WINDER005,J00256,0.17
SPCWND1092,WINDER005,J00257,0.16
SPCWND1077,WINDER020,J00258,0.88
SPCWND1092,WINDER005,J00259,0.18
SPCWND1077,WINDER018,J00260,0.14
SPCWND1077,WINDER001,J00261,0.21
SPCWND1092,WINDER006,J00262,0.13
SPCWND1092,WINDER020,J00263,0.51
SPCWND1077,WINDER020,J00264,0.71
SPCWND1092,WINDER018,J00265,0.3
SPCWND1092,WINDER002,J00266,0.3
SPCWND1092,WINDER009,J00267,0.22
SPCWND1092,WINDER001,J00268,0.22
SPCWND1077,WINDER004,J00269,0.19
SPCWND1077,WINDER005,J00270,0.27
SPCWND1077,WINDER020,J00271,0.88
SPCWND1077,WINDER011,J00272,0.24
SPCWND1077,WINDER003,J00273,0.26
SPCWND1077,WINDER004,J00274,0.19
SPCWND1092,WINDER003,J00275,0.27
SPCWND1092,WINDER002,J00276,0.21
SPCWND1077,WINDER019,J00277,0.25
SPCWND1092,WINDER002,J00278,0.19
SPCWND1092,WINDER012,J00279,0.2
SPCWND1092,WINDER006,J00280,0.14
SPCWND1077,WINDER003,J00281,0.16
SPCWND1092,WINDER016,J00282,0.12
SPCWND1077,WINDER008,J00283,0.24
SPCWND1077,WINDER001,J00284,0.21
SPCWND1092,WINDER018,J00285,0.21
SPCWND1077,WINDER004,J00286,0.29
SPCWND1077,WINDER016,J00287,0.2
SPCWND1077,WINDER016,J00288,0.14
SPCWND1077,WINDER014,J00289,0.23
SPCWND1092,WINDER001,J00290,0.2
SPCWND1077,WINDER019,J00291,0.12
SPCWND1077,WINDER015,J00292,0.19
SPCWND1077,WINDER012,J00293,0.22
SPCWND1077,WINDER016,J00294,0.17
SPCWND1092,WINDER003,J00295,0.12
SPCWND1092,WINDER020,J00296,0.84
SPCWND1077,WINDER005,J00297,0.29
SPCWND1077,WINDER007,J00298,0.79
SPCWND1092,WINDER010,J00299,0.19
SPCWND1092,WINDER011,J00300,0.13
SPCWND1092,WINDER017,J00301,0.23
SPCWND1077,WINDER005,J00302,0.2
SPCWND1092,WINDER013,J00303,0.15
SPCWND1092,WINDER013,J00304,0.12
SPCWND1077,WINDER016,J00305,0.11
SPCWND1077,WINDER004,J00306,0.25
SPCWND1092,WINDER002,J00307,0.2
SPCWND1077,WINDER012,J00308,0.24
SPCWND1092,WINDER007,J00309,0.68
SPCWND1092,WINDER006,J00310,0.25
SPCWND1077,WINDER002,J00311,0.21
SPCWND1077,WINDER001,J00312,0.19
SPCWND1092,WINDER002,J00313,0.29
SPCWND1077,WINDER014,J00314,0.19
SPCWND1077,WINDER010,J00315,0.15
SPCWND1092,WINDER014,J00316,0.22
SPCWND1077,WINDER006,J00317,0.1
SPCWND1092,WINDER009,J00318,0.22
SPCWND1092,WINDER017,J00319,0.22
SPCWND1092,WINDER006,J00320,0.26
SPCWND1092,WINDER013,J00321,0.29
SPCWND1092,WINDER004,J00322,0.26
SPCWND1077,WINDER019,J00323,0.3
SPCWND1077,WINDER017,J00324,0.28
SPCWND1092,WINDER013,J00325,0.14
SPCWND1077,WINDER005,J00326,0.11
SPCWND1077,WINDER009,J00327,0.12
SPCWND1092,WINDER015,J00328,0.13
SPCWND1092,WINDER009,J00329,0.12
SPCWND1092,WINDER002,J00330,0.11
SPCWND1077,WINDER003,J00331,0.18
SPCWND1092,WINDER018,J00332,0.18
SPCWND1077,WINDER012,J00333,0.22
SPCWND1077,WINDER010,J00334,0.18
SPCWND1092,WINDER012,J00335,0.24
SPCWND1092,WINDER014,J00336,0.18
SPCWND1077,WINDER006,J00337,0.16
SPCWND1077,WINDER015,J00338,0.14
SPCWND1077,WINDER004,J00339,0.23
SPCWND1077,WINDER001,J00340,0.27
SPCWND1092,WINDER007,J00341,0.72
SPCWND1092,WINDER002,J00342,0.17
SPCWND1077,WINDER004,J00343,0.23
SPCWND1077,WINDER012,J00344,0.12
SPCWND1092,WINDER019,J00345,0.21
SPCWND1077,WINDER017,J00346,0.21
SPCWND1092,WINDER007,J00347,0.8
SPCWND1077,WINDER018,J00348,0.3
SPCWND1077,WINDER006,J00349,0.21
SPCWND1077,WINDER014,J00350,0.11
SPCWND1092,WINDER004,J00351,0.13
SPCWND1077,WINDER016,J00352,0.26
SPCWND1077,WINDER003,J00353,0.27
SPCWND1077,WINDER007,J00354,0.78
SPCWND1077,WINDER018,J00355,0.14
SPCWND1092,WINDER011,J00356,0.15
SPCWND1092,WINDER007,J00357,0.84
SPCWND1077,WINDER013,J00358,0.29
SPCWND1077,WINDER017,J00359,0.15
SPCWND1092,WINDER012,J00360,0.26
SPCWND1092,WINDER007,J00361,0.69
SPCWND1092,WINDER020,J00362,0.58
SPCWND1077,WINDER007,J00363,0.75
SPCWND1092,WINDER018,J00364,0.3
SPCWND1092,WINDER010,J00365,0.14
SPCWND1077,WINDER015,J00366,0.21
SPCWND1077,WINDER012,J00367,0.18
SPCWND1092,WINDER015,J00368,0.11
SPCWND1092,WINDER019,J00369,0.27
SPCWND1077,WINDER017,J00370,0.27
SPCWND1092,WINDER004,J00371,0.16
SPCWND1092,WINDER017,J00372,0.16
SPCWND1092,WINDER005,J00373,0.25
SPCWND1077,WINDER001,J00374,0.23
SPCWND1092,WINDER017,J00375,0.23
SPCWND1077,WINDER013,J00376,0.26
SPCWND1092,WINDER016,J00377,0.18
SPCWND1092,WINDER004,J00378,0.27
SPCWND1092,WINDER020,J00379,0.84
SPCWND1077,WINDER003,J00380,0.11
SPCWND1092,WINDER011,J00381,0.16
SPCWND1077,WINDER002,J00382,0.14
SPCWND1077,WINDER018,J00383,0.15
SPCWND1092,WINDER012,J00384,0.21
SPCWND1092,WINDER017,J00385,0.28
SPCWND1077,WINDER010,J00386,0.14
SPCWND1092,WINDER009,J00387,0.3
SPCWND1077,WINDER007,J00388,0.86
SPCWND1092,WINDER014,J00389,0.13
SPCWND1092,WINDER006,J00390,0.15
SPCWND1077,WINDER009,J00391,0.17
SPCWND1092,WINDER002,J00392,0.26
SPCWND1092,WINDER016,J00393,0.16
SPCWND1077,WINDER001,J00394,0.13
SPCWND1092,WINDER004,J00395,0.2
SPCWND1077,WINDER001,J00396,0.18
SPCWND1092,WINDER008,J00397,0.26
SPCWND1092,WINDER003,J00398,0.11
SPCWND1092,WINDER002,J00399,0.25
SPCWND1092,WINDER015,J00400,0.18
SPCWND1077,WINDER012,J00401,0.25
SPCWND1077,WINDER020,J00402,0.78
SPCWND1077,WINDER015,J00403,0.12
SPCWND1092,WINDER020,J00404,0.8
SPCWND1077,WINDER006,J00405,0.12
SPCWND1092,WINDER018,J00406,0.18
SPCWND1077,WINDER019,J00407,0.28
SPCWND1092,WINDER009,J00408,0.19
SPCWND1092,WINDER019,J00409,0.15
SPCWND1092,WINDER013,J00410,0.22
SPCWND1092,WINDER018,J00411,0.16
SPCWND1092,WINDER005,J00412,0.29
SPCWND1077,WINDER019,J00413,0.17
SPCWND1077,WINDER002,J00414,0.26
SPCWND1092,WINDER016,J00415,0.29
SPCWND1092,WINDER004,J00416,0.16
SPCWND1077,WINDER010,J00417,0.13
SPCWND1077,WINDER006,J00418,0.22
SPCWND1092,WINDER012,J00419,0.17
SPCWND1077,WINDER016,J00420,0.16
SPCWND1077,WINDER017,J00421,0.2
SPCWND1077,WINDER011,J00422,0.24
SPCWND1092,WINDER004,J00423,0.28
SPCWND1077,WINDER001,J00424,0.23
SPCWND1092,WINDER017,J00425,0.23
SPCWND1092,WINDER011,J00426,0.16
SPCWND1077,WINDER010,J00427,0.11
SPCWND1092,WINDER008,J00428,0.12
SPCWND1077,WINDER015,J00429,0.21
SPCWND1092,WINDER017,J00430,0.22
SPCWND1077,WINDER018,J00431,0.14
SPCWND1092,WINDER004,J00432,0.27
SPCWND1092,WINDER008,J00433,0.18
SPCWND1092,WINDER011,J00434,0.21
SPCWND1077,WINDER004,J00435,0.18
SPCWND1092,WINDER010,J00436,0.14
SPCWND1092,WINDER011,J00437,0.23
SPCWND1092,WINDER010,J00438,0.13
SPCWND1092,WINDER013,J00439,0.15
SPCWND1077,WINDER014,J00440,0.18
SPCWND1092,WINDER010,J00441,0.13
SPCWND1077,WINDER002,J00442,0.27
SPCWND1077,WINDER020,J00443,0.53
SPCWND1077,WINDER007,J00444,0.54
SPCWND1077,WINDER012,J00445,0.12
SPCWND1077,WINDER010,J00446,0.29
SPCWND1092,WINDER004,J00447,0.26
SPCWND1077,WINDER014,J00448,0.3
SPCWND1092,WINDER007,J00449,0.56
SPCWND1077,WINDER006,J00450,0.24
SPCWND1077,WINDER018,J00451,0.29
SPCWND1077,WINDER017,J00452,0.16
SPCWND1077,WINDER002,J00453,0.18
SPCWND1077,WINDER018,J00454,0.26
SPCWND1092,WINDER001,J00455,0.25
SPCWND1077,WINDER020,J00456,0.62
SPCWND1092,WINDER008,J00457,0.28
SPCWND1092,WINDER008,J00458,0.28
SPCWND1077,WINDER013,J00459,0.28
SPCWND1077,WINDER017,J00460,0.23
SPCWND1077,WINDER020,J00461,0.53
SPCWND1092,WINDER019,J00462,0.12
SPCWND1077,WINDER007,J00463,0.53
SPCWND1077,WINDER014,J00464,0.18
SPCWND1077,WINDER017,J00465,0.29
SPCWND1077,WINDER016,J00466,0.2
SPCWND1092,WINDER009,J00467,0.12
SPCWND1092,WINDER015,J00468,0.12
SPCWND1077,WINDER001,J00469,0.19
SPCWND1092,WINDER020,J00470,0.51
SPCWND1092,WINDER004,J00471,0.19
SPCWND1092,WINDER014,J00472,0.1
SPCWND1077,WINDER006,J00473,0.18
SPCWND1077,WINDER008,J00474,0.16
SPCWND1092,WINDER013,J00475,0.18
SPCWND1092,WINDER011,J00476,0.12
SPCWND1077,WINDER009,J00477,0.3
SPCWND1077,WINDER016,J00478,0.23
SPCWND1077,WINDER004,J00479,0.3
SPCWND1077,WINDER004,J00480,0.22
SPCWND1077,WINDER017,J00481,0.17
SPCWND1077,WINDER008,J00482,0.19
SPCWND1077,WINDER012,J00483,0.1
SPCWND1077,WINDER007,J00484,0.73
SPCWND1092,WINDER007,J00485,0.6
SPCWND1077,WINDER008,J00486,0.26
SPCWND1092,WINDER008,J00487,0.24
SPCWND1092,WINDER014,J00488,0.13
SPCWND1077,WINDER009,J00489,0.18
SPCWND1077,WINDER001,J00490,0.24
SPCWND1077,WINDER018,J00491,0.14
SPCWND1092,WINDER011,J00492,0.21
SPCWND1092,WINDER004,J00493,0.11
SPCWND1092,WINDER010,J00494,0.27
SPCWND1092,WINDER007,J00495,0.54
SPCWND1092,WINDER005,J00496,0.14
SPCWND1077,WINDER001,J00497,0.25
SPCWND1077,WINDER012,J00498,0.2
SPCWND1092,WINDER009,J00499,0.17
SPCWND1077,WINDER020,J00500,0.56
SPCWND1092,WINDER012,J00501,0.27
SPCWND1092,WINDER006,J00502,0.16
SPCWND1092,WINDER014,J00503,0.21
SPCWND1092,WINDER016,J00504,0.19
SPCWND1092,WINDER015,J00505,0.24
SPCWND1077,WINDER019,J00506,0.28
SPCWND1092,WINDER013,J00507,0.17
SPCWND1077,WINDER013,J00508,0.15
SPCWND1092,WINDER009,J00509,0.23
SPCWND1077,WINDER016,J00510,0.18
SPCWND1092,WINDER009,J00511,0.19
SPCWND1092,WINDER011,J00512,0.15
SPCWND1092,WINDER013,J00513,0.29
SPCWND1092,WINDER007,J00514,0.59
SPCWND1092,WINDER007,J00515,0.66
SPCWND1092,WINDER019,J00516,0.19
SPCWND1077,WINDER009,J00517,0.19
SPCWND1077,WINDER008,J00518,0.16
SPCWND1077,WINDER013,J00519,0.12
SPCWND1092,WINDER007,J00520,0.86
SPCWND1077,WINDER009,J00521,0.23
SPCWND1092,WINDER007,J00522,0.78
SPCWND1077,WINDER003,J00523,0.1
SPCWND1077,WINDER011,J00524,0.11
SPCWND1077,WINDER014,J00525,0.28
SPCWND1092,WINDER013,J00526,0.22
SPCWND1092,WINDER020,J00527,0.52
SPCWND1092,WINDER002,J00528,0.28
SPCWND1077,WINDER002,J00529,0.11
SPCWND1092,WINDER012,J00530,0.2
SPCWND1077,WINDER007,J00531,0.85
SPCWND1092,WINDER012,J00532,0.24
SPCWND1077,WINDER008,J00533,0.23
SPCWND1092,WINDER005,J00534,0.24
SPCWND1092,WINDER006,J00535,0.19
SPCWND1077,WINDER015,J00536,0.11
SPCWND1092,WINDER018,J00537,0.15
SPCWND1077,WINDER018,J00538,0.19
SPCWND1092,WINDER020,J00539,0.79
SPCWND1077,WINDER019,J00540,0.28
SPCWND1077,WINDER004,J00541,0.26
SPCWND1077,WINDER018,J00542,0.25
SPCWND1077,WINDER020,J00543,0.66
SPCWND1092,WINDER013,J00544,0.18
SPCWND1077,WINDER011,J00545,0.21
SPCWND1092,WINDER007,J00546,0.74
SPCWND1092,WINDER005,J00547,0.3
SPCWND1077,WINDER005,J00548,0.16
SPCWND1077,WINDER007,J00549,0.74
SPCWND1077,WINDER011,J00550,0.11
SPCWND1077,WINDER019,J00551,0.27
SPCWND1077,WINDER015,J00552,0.1
SPCWND1077,WINDER016,J00553,0.13
SPCWND1092,WINDER001,J00554,0.18
SPCWND1077,WINDER002,J00555,0.28
SPCWND1092,WINDER020,J00556,0.63
SPCWND1077,WINDER004,J00557,0.21
SPCWND1092,WINDER013,J00558,0.25
SPCWND1092,WINDER012,J00559,0.13
SPCWND1077,WINDER012,J00560,0.23
SPCWND1092,WINDER004,J00561,0.24
SPCWND1077,WINDER014,J00562,0.29
SPCWND1077,WINDER007,J00563,0.51
SPCWND1077,WINDER003,J00564,0.28
SPCWND1092,WINDER004,J00565,0.29
SPCWND1092,WINDER017,J00566,0.15
SPCWND1092,WINDER008,J00567,0.29
SPCWND1077,WINDER002,J00568,0.1
SPCWND1092,WINDER013,J00569,0.29
SPCWND1077,WINDER001,J00570,0.16
SPCWND1077,WINDER017,J00571,0.13
SPCWND1092,WINDER001,J00572,0.23
SPCWND1092,WINDER007,J00573,0.81
SPCWND1077,WINDER002,J00574,0.22
SPCWND1077,WINDER015,J00575,0.25
SPCWND1077,WINDER004,J00576,0.14
SPCWND1092,WINDER019,J00577,0.1
SPCWND1077,WINDER008,J00578,0.25
SPCWND1092,WINDER002,J00579,0.26
SPCWND1077,WINDER002,J00580,0.16
SPCWND1092,WINDER007,J00581,0.68
SPCWND1077,WINDER011,J00582,0.15
SPCWND1092,WINDER010,J00583,0.22
SPCWND1092,WINDER005,J00584,0.23
SPCWND1092,WINDER006,J00585,0.23
SPCWND1092,WINDER012,J00586,0.28
SPCWND1077,WINDER015,J00587,0.24
SPCWND1092,WINDER019,J00588,0.14
SPCWND1092,WINDER003,J00589,0.12
SPCWND1092,WINDER011,J00590,0.16
SPCWND1092,WINDER018,J00591,0.12
SPCWND1092,WINDER011,J00592,0.13
SPCWND1077,WINDER014,J00593,0.19
SPCWND1092,WINDER010,J00594,0.26
SPCWND1077,WINDER002,J00595,0.29
SPCWND1077,WINDER006,J00596,0.29
SPCWND1092,WINDER013,J00597,0.22
SPCWND1077,WINDER001,J00598,0.15
SPCWND1077,WINDER003,J00599,0.2
SPCWND1077,WINDER002,J00600,0.29
SPCWND1092,WINDER005,J00601,0.25
SPCWND1092,WINDER016,J00602,0.24
SPCWND1092,WINDER010,J00603,0.3
SPCWND1092,WINDER018,J00604,0.12
SPCWND1092,WINDER020,J00605,0.52
SPCWND1077,WINDER019,J00606,0.16
SPCWND1077,WINDER001,J00607,0.21
SPCWND1077,WINDER005,J00608,0.11
SPCWND1092,WINDER009,J00609,0.14
SPCWND1092,WINDER016,J00610,0.15
SPCWND1077,WINDER007,J00611,0.83
SPCWND1077,WINDER019,J00612,0.26
SPCWND1092,WINDER019,J00613,0.25
SPCWND1077,WINDER001,J00614,0.17
SPCWND1092,WINDER015,J00615,0.15
SPCWND1092,WINDER011,J00616,0.17
SPCWND1092,WINDER014,J00617,0.25
SPCWND1077,WINDER019,J00618,0.25
SPCWND1092,WINDER013,J00619,0.22
SPCWND1077,WINDER016,J00620,0.18
SPCWND1077,WINDER005,J00621,0.18
SPCWND1077,WINDER002,J00622,0.17
SPCWND1077,WINDER019,J00623,0.28
SPCWND1092,WINDER004,J00624,0.25
SPCWND1077,WINDER012,J00625,0.11
SPCWND1077,WINDER005,J00626,0.19
SPCWND1092,WINDER017,J00627,0.13
SPCWND1077,WINDER005,J00628,0.14
SPCWND1092,WINDER015,J00629,0.24
SPCWND1092,WINDER019,J00630,0.11
SPCWND1077,WINDER020,J00631,0.76
SPCWND1077,WINDER004,J00632,0.26
SPCWND1092,WINDER011,J00633,0.16
SPCWND1077,WINDER020,J00634,0.86
SPCWND1092,WINDER007,J00635,0.74
SPCWND1077,WINDER003,J00636,0.17
SPCWND1077,WINDER020,J00637,0.85
SPCWND1077,WINDER003,J00638,0.14
SPCWND1092,WINDER020,J00639,0.85
SPCWND1092,WINDER002,J00640,0.2
SPCWND1092,WINDER009,J00641,0.26
SPCWND1077,WINDER012,J00642,0.13
SPCWND1077,WINDER006,J00643,0.25
SPCWND1077,WINDER015,J00644,0.21
SPCWND1077,WINDER001,J00645,0.16
SPCWND1077,WINDER004,J00646,0.17
SPCWND1092,WINDER018,J00647,0.11
SPCWND1077,WINDER008,J00648,0.23
SPCWND1092,WINDER014,J00649,0.3
SPCWND1077,WINDER005,J00650,0.12
SPCWND1092,WINDER003,J00651,0.13
SPCWND1077,WINDER001,J00652,0.22
SPCWND1077,WINDER012,J00653,0.12
SPCWND1077,WINDER008,J00654,0.3
SPCWND1092,WINDER019,J00655,0.29
SPCWND1092,WINDER002,J00656,0.26
SPCWND1077,WINDER004,J00657,0.22
SPCWND1092,WINDER004,J00658,0.2
SPCWND1092,WINDER020,J00659,0.74
SPCWND1077,WINDER020,J00660,0.76
SPCWND1077,WINDER012,J00661,0.18
SPCWND1092,WINDER016,J00662,0.23
SPCWND1077,WINDER007,J00663,0.61
SPCWND1077,WINDER020,J00664,0.69
SPCWND1092,WINDER012,J00665,0.15
SPCWND1077,WINDER001,J00666,0.3
SPCWND1092,WINDER013,J00667,0.26
SPCWND1092,WINDER017,J00668,0.14
SPCWND1092,WINDER019,J00669,0.13
SPCWND1077,WINDER011,J00670,0.19
SPCWND1077,WINDER012,J00671,0.15
SPCWND1092,WINDER016,J00672,0.21
SPCWND1077,WINDER020,J00673,0.81
SPCWND1077,WINDER008,J00674,0.28
SPCWND1092,WINDER012,J00675,0.29
SPCWND1092,WINDER020,J00676,0.64
SPCWND1077,WINDER018,J00677,0.18
SPCWND1077,WINDER005,J00678,0.17
SPCWND1077,WINDER007,J00679,0.77
SPCWND1077,WINDER008,J00680,0.15
SPCWND1077,WINDER001,J00681,0.19
SPCWND1077,WINDER017,J00682,0.22
SPCWND1092,WINDER019,J00683,0.14
SPCWND1092,WINDER015,J00684,0.12
SPCWND1077,WINDER017,J00685,0.26
SPCWND1077,WINDER014,J00686,0.11
SPCWND1092,WINDER006,J00687,0.21
SPCWND1092,WINDER014,J00688,0.19
SPCWND1092,WINDER020,J00689,0.82
SPCWND1092,WINDER002,J00690,0.15
SPCWND1092,WINDER012,J00691,0.14
SPCWND1077,WINDER002,J00692,0.21
SPCWND1092,WINDER008,J00693,0.28
SPCWND1092,WINDER018,J00694,0.15
SPCWND1077,WINDER005,J00695,0.26
SPCWND1092,WINDER018,J00696,0.16
SPCWND1092,WINDER009,J00697,0.21
SPCWND1092,WINDER009,J00698,0.18
SPCWND1077,WINDER018,J00699,0.2
SPCWND1092,WINDER020,J00700,0.59
SPCWND1092,WINDER005,J00701,0.29
SPCWND1092,WINDER012,J00702,0.23
SPCWND1092,WINDER009,J00703,0.27
SPCWND1092,WINDER012,J00704,0.16
SPCWND1077,WINDER016,J00705,0.24
SPCWND1077,WINDER010,J00706,0.25
SPCWND1077,WINDER017,J00707,0.23
SPCWND1077,WINDER010,J00708,0.22
SPCWND1077,WINDER020,J00709,0.67
SPCWND1092,WINDER009,J00710,0.26
SPCWND1077,WINDER005,J00711,0.13
SPCWND1092,WINDER005,J00712,0.19
SPCWND1077,WINDER010,J00713,0.19
SPCWND1092,WINDER001,J00714,0.1
SPCWND1077,WINDER008,J00715,0.23
SPCWND1092,WINDER017,J00716,0.11
SPCWND1092,WINDER015,J00717,0.24
SPCWND1077,WINDER004,J00718,0.14
SPCWND1092,WINDER003,J00719,0.27
SPCWND1077,WINDER010,J00720,0.13
SPCWND1077,WINDER008,J00721,0.11
SPCWND1092,WINDER012,J00722,0.21
SPCWND1077,WINDER005,J00723,0.16
SPCWND1092,WINDER009,J00724,0.12
SPCWND1092,WINDER005,J00725,0.21
SPCWND1077,WINDER010,J00726,0.18
SPCWND1092,WINDER002,J00727,0.15
SPCWND1092,WINDER017,J00728,0.23
SPCWND1092,WINDER017,J00729,0.2
SPCWND1092,WINDER001,J00730,0.28
SPCWND1092,WINDER007,J00731,0.73
SPCWND1092,WINDER001,J00732,0.14
SPCWND1092,WINDER019,J00733,0.23
SPCWND1077,WINDER012,J00734,0.3
SPCWND1077,WINDER004,J00735,0.11
SPCWND1077,WINDER012,J00736,0.11
SPCWND1077,WINDER012,J00737,0.17
SPCWND1092,WINDER015,J00738,0.19
SPCWND1077,WINDER015,J00739,0.25
SPCWND1077,WINDER004,J00740,0.11
SPCWND1077,WINDER013,J00741,0.3
SPCWND1092,WINDER016,J00742,0.24
SPCWND1077,WINDER016,J00743,0.14
SPCWND1092,WINDER020,J00744,0.9
SPCWND1092,WINDER014,J00745,0.17
SPCWND1077,WINDER005,J00746,0.19
SPCWND1092,WINDER007,J00747,0.73
SPCWND1092,WINDER007,J00748,0.75
SPCWND1092,WINDER005,J00749,0.26
SPCWND1092,WINDER014,J00750,0.27
SPCWND1077,WINDER005,J00751,0.29
SPCWND1092,WINDER010,J00752,0.11
SPCWND1092,WINDER019,J00753,0.28
SPCWND1077,WINDER013,J00754,0.23
SPCWND1077,WINDER019,J00755,0.26
SPCWND1077,WINDER002,J00756,0.21
SPCWND1092,WINDER006,J00757,0.15
SPCWND1092,WINDER002,J00758,0.25
SPCWND1092,WINDER008,J00759,0.17
SPCWND1077,WINDER008,J00760,0.29
SPCWND1092,WINDER012,J00761,0.21
SPCWND1077,WINDER003,J00762,0.13
SPCWND1092,WINDER002,J00763,0.25
SPCWND1077,WINDER009,J00764,0.16
SPCWND1077,WINDER008,J00765,0.19
SPCWND1092,WINDER004,J00766,0.14
SPCWND1077,WINDER019,J00767,0.23
SPCWND1077,WINDER013,J00768,0.22
SPCWND1092,WINDER011,J00769,0.21
SPCWND1092,WINDER018,J00770,0.27
SPCWND1077,WINDER019,J00771,0.16
SPCWND1077,WINDER002,J00772,0.24
SPCWND1077,WINDER001,J00773,0.11
SPCWND1077,WINDER012,J00774,0.14
SPCWND1092,WINDER009,J00775,0.12
SPCWND1092,WINDER015,J00776,0.28
SPCWND1077,WINDER009,J00777,0.19
SPCWND1077,WINDER018,J00778,0.18
SPCWND1092,WINDER014,J00779,0.18
SPCWND1092,WINDER015,J00780,0.23
SPCWND1077,WINDER013,J00781,0.28
SPCWND1092,WINDER006,J00782,0.2
SPCWND1077,WINDER020,J00783,0.75
SPCWND1092,WINDER017,J00784,0.29
SPCWND1077,WINDER001,J00785,0.22
SPCWND1092,WINDER007,J00786,0.53
SPCWND1092,WINDER019,J00787,0.15
SPCWND1092,WINDER012,J00788,0.25
SPCWND1092,WINDER019,J00789,0.22
SPCWND1092,WINDER019,J00790,0.12
SPCWND1092,WINDER006,J00791,0.11
SPCWND1077,WINDER020,J00792,0.85
SPCWND1077,WINDER003,J00793,0.16
SPCWND1077,WINDER015,J00794,0.28
SPCWND1077,WINDER009,J00795,0.15
SPCWND1092,WINDER018,J00796,0.23
SPCWND1092,WINDER015,J00797,0.16
SPCWND1092,WINDER005,J00798,0.28
SPCWND1092,WINDER017,J00799,0.23
SPCWND1092,WINDER012,J00800,0.18
SPCWND1077,WINDER010,J00801,0.29
SPCWND1092,WINDER004,J00802,0.16
SPCWND1092,WINDER008,J00803,0.2
SPCWND1092,WINDER002,J00804,0.29
SPCWND1077,WINDER011,J00805,0.17
SPCWND1077,WINDER014,J00806,0.28
SPCWND1077,WINDER014,J00807,0.29
SPCWND1092,WINDER018,J00808,0.25
SPCWND1077,WINDER015,J00809,0.25
SPCWND1092,WINDER017,J00810,0.23
SPCWND1077,WINDER018,J00811,0.1
SPCWND1077,WINDER015,J00812,0.23
SPCWND1092,WINDER004,J00813,0.2
SPCWND1077,WINDER001,J00814,0.21
SPCWND1077,WINDER012,J00815,0.27
SPCWND1077,WINDER015,J00816,0.25
SPCWND1092,WINDER011,J00817,0.19
SPCWND1077,WINDER004,J00818,0.25
SPCWND1077,WINDER011,J00819,0.14
SPCWND1092,WINDER006,J00820,0.27
SPCWND1092,WINDER014,J00821,0.16
SPCWND1077,WINDER018,J00822,0.12
SPCWND1077,WINDER011,J00823,0.19
SPCWND1077,WINDER009,J00824,0.12
SPCWND1092,WINDER017,J00825,0.16
SPCWND1077,WINDER007,J00826,0.75
SPCWND1092,WINDER005,J00827,0.15
SPCWND1092,WINDER016,J00828,0.18
SPCWND1077,WINDER012,J00829,0.25
SPCWND1092,WINDER019,J00830,0.18
SPCWND1092,WINDER002,J00831,0.28
SPCWND1092,WINDER003,J00832,0.12
SPCWND1092,WINDER015,J00833,0.1
SPCWND1092,WINDER016,J00834,0.21
SPCWND1077,WINDER001,J00835,0.12
SPCWND1077,WINDER015,J00836,0.1
SPCWND1077,WINDER012,J00837,0.17
SPCWND1077,WINDER008,J00838,0.18
SPCWND1077,WINDER012,J00839,0.19
SPCWND1077,WINDER017,J00840,0.2
SPCWND1092,WINDER019,J00841,0.23
SPCWND1092,WINDER014,J00842,0.15
SPCWND1092,WINDER008,J00843,0.19
SPCWND1077,WINDER007,J00844,0.79
SPCWND1077,WINDER003,J00845,0.13
SPCWND1092,WINDER007,J00846,0.8
SPCWND1077,WINDER003,J00847,0.3
SPCWND1092,WINDER003,J00848,0.18
SPCWND1092,WINDER011,J00849,0.29
SPCWND1077,WINDER012,J00850,0.3
SPCWND1077,WINDER013,J00851,0.13
SPCWND1077,WINDER011,J00852,0.19
SPCWND1077,WINDER016,J00853,0.11
SPCWND1077,WINDER020,J00854,0.74
SPCWND1092,WINDER020,J00855,0.57
SPCWND1092,WINDER002,J00856,0.12
SPCWND1077,WINDER015,J00857,0.2
SPCWND1077,WINDER012,J00858,0.22
SPCWND1077,WINDER019,J00859,0.11
SPCWND1077,WINDER005,J00860,0.18
SPCWND1092,WINDER019,J00861,0.13
SPCWND1092,WINDER016,J00862,0.26
SPCWND1077,WINDER002,J00863,0.2
SPCWND1092,WINDER012,J00864,0.13
SPCWND1092,WINDER018,J00865,0.14
SPCWND1077,WINDER009,J00866,0.11
SPCWND1092,WINDER012,J00867,0.22
SPCWND1077,WINDER003,J00868,0.22
SPCWND1077,WINDER002,J00869,0.18
SPCWND1077,WINDER018,J00870,0.28
SPCWND1092,WINDER020,J00871,0.62
SPCWND1077,WINDER008,J00872,0.2
SPCWND1077,WINDER007,J00873,0.89
SPCWND1077,WINDER019,J00874,0.11
SPCWND1092,WINDER003,J00875,0.12
SPCWND1077,WINDER002,J00876,0.19
SPCWND1092,WINDER018,J00877,0.12
SPCWND1077,WINDER002,J00878,0.13
SPCWND1077,WINDER010,J00879,0.21
SPCWND1077,WINDER004,J00880,0.26
SPCWND1092,WINDER012,J00881,0.11
SPCWND1092,WINDER012,J00882,0.12
SPCWND1077,WINDER020,J00883,0.54
SPCWND1077,WINDER009,J00884,0.15
SPCWND1077,WINDER017,J00885,0.23
SPCWND1092,WINDER013,J00886,0.29
SPCWND1077,WINDER008,J00887,0.14
SPCWND1077,WINDER006,J00888,0.2
SPCWND1092,WINDER014,J00889,0.18
SPCWND1077,WINDER017,J00890,0.12
SPCWND1092,WINDER015,J00891,0.28
SPCWND1077,WINDER017,J00892,0.2
SPCWND1077,WINDER016,J00893,0.1
SPCWND1092,WINDER007,J00894,0.55
SPCWND1077,WINDER010,J00895,0.29
SPCWND1077,WINDER017,J00896,0.14
SPCWND1077,WINDER007,J00897,0.55
SPCWND1092,WINDER011,J00898,0.29
SPCWND1092,WINDER015,J00899,0.13
SPCWND1092,WINDER015,J00900,0.1
SPCWND1092,WINDER008,J00901,0.16
SPCWND1092,WINDER017,J00902,0.26
SPCWND1077,WINDER012,J00903,0.15
SPCWND1077,WINDER005,J00904,0.2
SPCWND1092,WINDER008,J00905,0.24
SPCWND1092,WINDER016,J00906,0.13
SPCWND1092,WINDER014,J00907,0.15
SPCWND1077,WINDER004,J00908,0.23
SPCWND1092,WINDER014,J00909,0.19
SPCWND1092,WINDER017,J00910,0.11
SPCWND1092,WINDER016,J00911,0.25
SPCWND1092,WINDER001,J00912,0.15
SPCWND1077,WINDER008,J00913,0.14
SPCWND1092,WINDER002,J00914,0.15
SPCWND1077,WINDER011,J00915,0.27
SPCWND1077,WINDER014,J00916,0.27
SPCWND1077,WINDER006,J00917,0.27
SPCWND1077,WINDER001,J00918,0.29
SPCWND1092,WINDER020,J00919,0.67
SPCWND1092,WINDER002,J00920,0.21
SPCWND1092,WINDER007,J00921,0.72
SPCWND1077,WINDER011,J00922,0.16
SPCWND1077,WINDER005,J00923,0.26
SPCWND1077,WINDER003,J00924,0.24
SPCWND1092,WINDER009,J00925,0.11
SPCWND1077,WINDER001,J00926,0.29
SPCWND1092,WINDER016,J00927,0.13
SPCWND1077,WINDER019,J00928,0.29
SPCWND1092,WINDER003,J00929,0.12
SPCWND1092,WINDER016,J00930,0.19
SPCWND1077,WINDER016,J00931,0.15
SPCWND1092,WINDER002,J00932,0.24
SPCWND1077,WINDER020,J00933,0.62
SPCWND1092,WINDER017,J00934,0.29
SPCWND1092,WINDER010,J00935,0.27
SPCWND1092,WINDER009,J00936,0.21
SPCWND1092,WINDER012,J00937,0.24
SPCWND1077,WINDER011,J00938,0.17
SPCWND1077,WINDER018,J00939,0.28
SPCWND1077,WINDER001,J00940,0.25
SPCWND1077,WINDER017,J00941,0.15
SPCWND1092,WINDER016,J00942,0.21
SPCWND1092,WINDER016,J00943,0.13
SPCWND1077,WINDER015,J00944,0.29
SPCWND1077,WINDER003,J00945,0.2
SPCWND1092,WINDER003,J00946,0.18
SPCWND1077,WINDER002,J00947,0.16
SPCWND1092,WINDER013,J00948,0.21
SPCWND1077,WINDER010,J00949,0.12
SPCWND1077,WINDER004,J00950,0.14
SPCWND1092,WINDER016,J00951,0.13
SPCWND1092,WINDER009,J00952,0.23
SPCWND1077,WINDER019,J00953,0.22
SPCWND1077,WINDER010,J00954,0.23
SPCWND1077,WINDER002,J00955,0.18
SPCWND1077,WINDER019,J00956,0.13
SPCWND1077,WINDER011,J00957,0.19
SPCWND1092,WINDER014,J00958,0.21
SPCWND1092,WINDER011,J00959,0.22
SPCWND1092,WINDER009,J00960,0.1
SPCWND1077,WINDER012,J00961,0.13
SPCWND1077,WINDER006,J00962,0.15
SPCWND1092,WINDER011,J00963,0.27
SPCWND1092,WINDER011,J00964,0.23
SPCWND1077,WINDER006,J00965,0.26
SPCWND1092,WINDER007,J00966,0.8
SPCWND1092,WINDER005,J00967,0.13
SPCWND1092,WINDER017,J00968,0.29
SPCWND1092,WINDER013,J00969,0.17
SPCWND1092,WINDER011,J00970,0.13
SPCWND1077,WINDER008,J00971,0.29
SPCWND1077,WINDER003,J00972,0.21
SPCWND1077,WINDER018,J00973,0.11
SPCWND1092,WINDER015,J00974,0.22
SPCWND1077,WINDER019,J00975,0.24
SPCWND1092,WINDER018,J00976,0.1
SPCWND1077,WINDER019,J00977,0.16
SPCWND1077,WINDER011,J00978,0.16
SPCWND1077,WINDER020,J00979,0.9
SPCWND1077,WINDER018,J00980,0.26
SPCWND1077,WINDER007,J00981,0.85
SPCWND1077,WINDER014,J00982,0.15
SPCWND1092,WINDER017,J00983,0.13
SPCWND1077,WINDER019,J00984,0.2
SPCWND1077,WINDER007,J00985,0.7
SPCWND1077,WINDER002,J00986,0.18
SPCWND1077,WINDER005,J00987,0.26
SPCWND1092,WINDER014,J00988,0.2
SPCWND1092,WINDER010,J00989,0.25
SPCWND1077,WINDER005,J00990,0.16
SPCWND1077,WINDER001,J00991,0.17
SPCWND1092,WINDER009,J00992,0.17
SPCWND1092,WINDER017,J00993,0.24
SPCWND1077,WINDER014,J00994,0.25
SPCWND1092,WINDER011,J00995,0.19
SPCWND1077,WINDER012,J00996,0.2
SPCWND1092,WINDER008,J00997,0.11
SPCWND1077,WINDER006,J00998,0.15
SPCWND1077,WINDER006,J00999,0.18
SPCWND1092,WINDER005,J01000,0.26
