pldo_nm,asy_eqp_nm,wk_end_dtms,eqp_nm,jero_id,isp_cell_id,dfct_cd
PLANT1,CEF_EQP0,2025-04-10 11:18:45.824574,ASSEMBLY  #17,J00001,C10000n20000,0
PLANT2,CEF_EQP1,2025-04-10 11:18:45.824591,ASSEMBLY  #19,J00002,C10001n20001,0
PLANT1,CEF_EQP2,2025-04-10 11:18:45.824593,ASSEMBLY  #18,J00003,C10002n20002,0
PLANT1,CEF_EQP3,2025-04-06 11:18:45.824595,ASSEMBLY  #17,J00004,C10003n20003,0
PLANT2,CEF_EQP4,2025-04-13 11:18:45.824597,ASSEMBLY  #16,J00005,C10004n20004,4
PLANT2,CEF_EQP5,2025-04-11 11:18:45.824600,ASSEMBLY  #17,J00006,C10005n20005,0
PLANT2,CEF_EQP6,2025-04-07 11:18:45.824602,ASSEMBLY  #19,J00007,C10006n20006,0
PLANT1,CEF_EQP7,2025-04-03 11:18:45.824605,ASSEMBLY  #17,J00008,C10007n20007,0
PLANT1,CEF_EQP8,2025-04-12 11:18:45.824608,ASSEMBLY  #19,J00009,C10008n20008,0
PLANT1,CEF_EQP9,2025-04-07 11:18:45.824610,ASSEMBLY  #19,J00010,C10009n20009,0
PLANT1,CEF_EQP10,2025-04-10 11:18:45.824611,ASSEMBLY  #17,J00011,C10010n20010,0
PLANT2,CEF_EQP11,2025-04-05 11:18:45.824613,ASSEMBLY  #19,J00012,C10011n20011,0
PLANT1,CEF_EQP12,2025-04-10 11:18:45.824615,ASSEMBLY  #19,J00013,C10012n20012,0
PLANT1,CEF_EQP13,2025-04-03 11:18:45.824616,ASSEMBLY  #19,J00014,C10013n20013,0
PLANT1,CEF_EQP14,2025-04-12 11:18:45.824618,ASSEMBLY  #16,J00015,C10014n20014,5
PLANT1,CEF_EQP15,2025-04-10 11:18:45.824619,ASSEMBLY  #16,J00016,C10015n20015,0
PLANT1,CEF_EQP16,2025-04-12 11:18:45.824621,ASSEMBLY  #18,J00017,C10016n20016,0
PLANT1,CEF_EQP17,2025-04-12 11:18:45.824623,ASSEMBLY  #18,J00018,C10017n20017,4
PLANT3,CEF_EQP18,2025-04-13 11:18:45.824624,ASSEMBLY  #20,J00019,C10018n20018,0
PLANT3,CEF_EQP19,2025-04-04 11:18:45.824626,ASSEMBLY  #16,J00020,C10019n20019,0
PLANT2,CEF_EQP20,2025-04-09 11:18:45.824627,ASSEMBLY  #20,J00021,C10020n20020,0
PLANT1,CEF_EQP21,2025-04-09 11:18:45.824629,ASSEMBLY  #17,J00022,C10021n20021,0
PLANT2,CEF_EQP22,2025-04-10 11:18:45.824631,ASSEMBLY  #18,J00023,C10022n20022,0
PLANT3,CEF_EQP23,2025-04-05 11:18:45.824632,ASSEMBLY  #17,J00024,C10023n20023,0
PLANT3,CEF_EQP24,2025-04-11 11:18:45.824634,ASSEMBLY  #17,J00025,C10024n20024,0
PLANT2,CEF_EQP25,2025-04-05 11:18:45.824635,ASSEMBLY  #18,J00026,C10025n20025,0
PLANT3,CEF_EQP26,2025-04-06 11:18:45.824637,ASSEMBLY  #16,J00027,C10026n20026,0
PLANT3,CEF_EQP27,2025-04-08 11:18:45.824638,ASSEMBLY  #18,J00028,C10027n20027,0
PLANT1,CEF_EQP28,2025-04-09 11:18:45.824640,ASSEMBLY  #16,J00029,C10028n20028,0
PLANT1,CEF_EQP29,2025-04-13 11:18:45.824641,ASSEMBLY  #20,J00030,C10029n20029,4
PLANT1,CEF_EQP30,2025-04-13 11:18:45.824643,ASSEMBLY  #16,J00031,C10030n20030,0
PLANT1,CEF_EQP31,2025-04-03 11:18:45.824644,ASSEMBLY  #17,J00032,C10031n20031,0
PLANT3,CEF_EQP32,2025-04-04 11:18:45.824646,ASSEMBLY  #17,J00033,C10032n20032,0
PLANT2,CEF_EQP33,2025-04-03 11:18:45.824648,ASSEMBLY  #18,J00034,C10033n20033,0
PLANT1,CEF_EQP34,2025-04-03 11:18:45.824649,ASSEMBLY  #18,J00035,C10034n20034,0
PLANT1,CEF_EQP35,2025-04-11 11:18:45.824651,ASSEMBLY  #18,J00036,C10035n20035,0
PLANT3,CEF_EQP36,2025-04-05 11:18:45.824653,ASSEMBLY  #19,J00037,C10036n20036,0
PLANT2,CEF_EQP37,2025-04-08 11:18:45.824654,ASSEMBLY  #20,J00038,C10037n20037,0
PLANT2,CEF_EQP38,2025-04-06 11:18:45.824656,ASSEMBLY  #17,J00039,C10038n20038,0
PLANT1,CEF_EQP39,2025-04-09 11:18:45.824657,ASSEMBLY  #17,J00040,C10039n20039,0
PLANT2,CEF_EQP40,2025-04-10 11:18:45.824659,ASSEMBLY  #17,J00041,C10040n20040,0
PLANT2,CEF_EQP41,2025-04-03 11:18:45.824660,ASSEMBLY  #16,J00042,C10041n20041,0
PLANT2,CEF_EQP42,2025-04-09 11:18:45.824662,ASSEMBLY  #17,J00043,C10042n20042,0
PLANT2,CEF_EQP43,2025-04-12 11:18:45.824664,ASSEMBLY  #16,J00044,C10043n20043,0
PLANT1,CEF_EQP44,2025-04-03 11:18:45.824665,ASSEMBLY  #18,J00045,C10044n20044,0
PLANT1,CEF_EQP45,2025-04-12 11:18:45.824667,ASSEMBLY  #19,J00046,C10045n20045,4
PLANT1,CEF_EQP46,2025-04-08 11:18:45.824668,ASSEMBLY  #16,J00047,C10046n20046,0
PLANT2,CEF_EQP47,2025-04-10 11:18:45.824670,ASSEMBLY  #19,J00048,C10047n20047,4
PLANT2,CEF_EQP48,2025-04-10 11:18:45.824671,ASSEMBLY  #18,J00049,C10048n20048,0
PLANT3,CEF_EQP49,2025-04-10 11:18:45.824673,ASSEMBLY  #17,J00050,C10049n20049,0
PLANT2,CEF_EQP0,2025-04-09 11:18:45.824674,ASSEMBLY  #18,J00051,C10050n20050,0
PLANT2,CEF_EQP1,2025-04-04 11:18:45.824677,ASSEMBLY  #18,J00052,C10051n20051,0
PLANT3,CEF_EQP2,2025-04-07 11:18:45.824680,ASSEMBLY  #19,J00053,C10052n20052,0
PLANT3,CEF_EQP3,2025-04-12 11:18:45.824683,ASSEMBLY  #17,J00054,C10053n20053,0
PLANT1,CEF_EQP4,2025-04-03 11:18:45.824686,ASSEMBLY  #19,J00055,C10054n20054,0
PLANT2,CEF_EQP5,2025-04-09 11:18:45.824689,ASSEMBLY  #17,J00056,C10055n20055,4
PLANT3,CEF_EQP6,2025-04-07 11:18:45.824691,ASSEMBLY  #18,J00057,C10056n20056,0
PLANT1,CEF_EQP7,2025-04-05 11:18:45.824694,ASSEMBLY  #19,J00058,C10057n20057,0
PLANT1,CEF_EQP8,2025-04-03 11:18:45.824697,ASSEMBLY  #17,J00059,C10058n20058,0
PLANT3,CEF_EQP9,2025-04-09 11:18:45.824700,ASSEMBLY  #19,J00060,C10059n20059,0
PLANT2,CEF_EQP10,2025-04-05 11:18:45.824703,ASSEMBLY  #16,J00061,C10060n20060,0
PLANT3,CEF_EQP11,2025-04-03 11:18:45.824706,ASSEMBLY  #20,J00062,C10061n20061,0
PLANT1,CEF_EQP12,2025-04-08 11:18:45.824709,ASSEMBLY  #20,J00063,C10062n20062,0
PLANT1,CEF_EQP13,2025-04-08 11:18:45.824723,ASSEMBLY  #19,J00064,C10063n20063,0
PLANT1,CEF_EQP14,2025-04-12 11:18:45.824726,ASSEMBLY  #19,J00065,C10064n20064,0
PLANT2,CEF_EQP15,2025-04-12 11:18:45.824728,ASSEMBLY  #18,J00066,C10065n20065,0
PLANT3,CEF_EQP16,2025-04-05 11:18:45.824729,ASSEMBLY  #16,J00067,C10066n20066,0
PLANT2,CEF_EQP17,2025-04-08 11:18:45.824731,ASSEMBLY  #19,J00068,C10067n20067,0
PLANT3,CEF_EQP18,2025-04-03 11:18:45.824732,ASSEMBLY  #20,J00069,C10068n20068,0
PLANT1,CEF_EQP19,2025-04-08 11:18:45.824733,ASSEMBLY  #17,J00070,C10069n20069,0
PLANT1,CEF_EQP20,2025-04-09 11:18:45.824735,ASSEMBLY  #18,J00071,C10070n20070,0
PLANT3,CEF_EQP21,2025-04-03 11:18:45.824737,ASSEMBLY  #18,J00072,C10071n20071,0
PLANT2,CEF_EQP22,2025-04-08 11:18:45.824738,ASSEMBLY  #18,J00073,C10072n20072,0
PLANT3,CEF_EQP23,2025-04-05 11:18:45.824740,ASSEMBLY  #19,J00074,C10073n20073,0
PLANT3,CEF_EQP24,2025-04-05 11:18:45.824741,ASSEMBLY  #16,J00075,C10074n20074,0
PLANT2,CEF_EQP25,2025-04-12 11:18:45.824743,ASSEMBLY  #17,J00076,C10075n20075,0
PLANT2,CEF_EQP26,2025-04-13 11:18:45.824744,ASSEMBLY  #17,J00077,C10076n20076,0
PLANT2,CEF_EQP27,2025-04-05 11:18:45.824746,ASSEMBLY  #18,J00078,C10077n20077,0
PLANT3,CEF_EQP28,2025-04-06 11:18:45.824748,ASSEMBLY  #17,J00079,C10078n20078,0
PLANT1,CEF_EQP29,2025-04-08 11:18:45.824749,ASSEMBLY  #19,J00080,C10079n20079,0
PLANT3,CEF_EQP30,2025-04-10 11:18:45.824751,ASSEMBLY  #18,J00081,C10080n20080,0
PLANT1,CEF_EQP31,2025-04-03 11:18:45.824752,ASSEMBLY  #17,J00082,C10081n20081,0
PLANT3,CEF_EQP32,2025-04-04 11:18:45.824754,ASSEMBLY  #20,J00083,C10082n20082,0
PLANT1,CEF_EQP33,2025-04-03 11:18:45.824755,ASSEMBLY  #18,J00084,C10083n20083,0
PLANT2,CEF_EQP34,2025-04-09 11:18:45.824757,ASSEMBLY  #16,J00085,C10084n20084,0
PLANT1,CEF_EQP35,2025-04-07 11:18:45.824758,ASSEMBLY  #19,J00086,C10085n20085,4
PLANT3,CEF_EQP36,2025-04-04 11:18:45.824760,ASSEMBLY  #19,J00087,C10086n20086,0
PLANT1,CEF_EQP37,2025-04-04 11:18:45.824761,ASSEMBLY  #20,J00088,C10087n20087,5
PLANT2,CEF_EQP38,2025-04-06 11:18:45.824763,ASSEMBLY  #19,J00089,C10088n20088,0
PLANT1,CEF_EQP39,2025-04-13 11:18:45.824764,ASSEMBLY  #16,J00090,C10089n20089,0
PLANT1,CEF_EQP40,2025-04-08 11:18:45.824766,ASSEMBLY  #18,J00091,C10090n20090,0
PLANT3,CEF_EQP41,2025-04-09 11:18:45.824768,ASSEMBLY  #20,J00092,C10091n20091,0
PLANT2,CEF_EQP42,2025-04-11 11:18:45.824770,ASSEMBLY  #18,J00093,C10092n20092,0
PLANT1,CEF_EQP43,2025-04-09 11:18:45.824772,ASSEMBLY  #18,J00094,C10093n20093,5
PLANT3,CEF_EQP44,2025-04-11 11:18:45.824774,ASSEMBLY  #19,J00095,C10094n20094,0
PLANT1,CEF_EQP45,2025-04-09 11:18:45.824775,ASSEMBLY  #19,J00096,C10095n20095,4
PLANT1,CEF_EQP46,2025-04-07 11:18:45.824777,ASSEMBLY  #18,J00097,C10096n20096,0
PLANT2,CEF_EQP47,2025-04-07 11:18:45.824778,ASSEMBLY  #19,J00098,C10097n20097,0
PLANT3,CEF_EQP48,2025-04-06 11:18:45.824780,ASSEMBLY  #16,J00099,C10098n20098,0
PLANT2,CEF_EQP49,2025-04-08 11:18:45.824781,ASSEMBLY  #17,J00100,C10099n20099,5
PLANT1,CEF_EQP0,2025-04-11 11:18:45.824783,ASSEMBLY  #16,J00101,C10100n20100,0
PLANT2,CEF_EQP1,2025-04-06 11:18:45.824784,ASSEMBLY  #17,J00102,C10101n20101,0
PLANT1,CEF_EQP2,2025-04-12 11:18:45.824786,ASSEMBLY  #20,J00103,C10102n20102,0
PLANT2,CEF_EQP3,2025-04-05 11:18:45.824787,ASSEMBLY  #16,J00104,C10103n20103,0
PLANT2,CEF_EQP4,2025-04-06 11:18:45.824789,ASSEMBLY  #17,J00105,C10104n20104,0
PLANT2,CEF_EQP5,2025-04-06 11:18:45.824790,ASSEMBLY  #17,J00106,C10105n20105,4
PLANT2,CEF_EQP6,2025-04-04 11:18:45.824792,ASSEMBLY  #16,J00107,C10106n20106,0
PLANT3,CEF_EQP7,2025-04-08 11:18:45.824793,ASSEMBLY  #16,J00108,C10107n20107,0
PLANT1,CEF_EQP8,2025-04-03 11:18:45.824795,ASSEMBLY  #16,J00109,C10108n20108,0
PLANT3,CEF_EQP9,2025-04-10 11:18:45.824797,ASSEMBLY  #20,J00110,C10109n20109,4
PLANT1,CEF_EQP10,2025-04-07 11:18:45.824799,ASSEMBLY  #16,J00111,C10110n20110,0
PLANT3,CEF_EQP11,2025-04-13 11:18:45.824800,ASSEMBLY  #20,J00112,C10111n20111,0
PLANT3,CEF_EQP12,2025-04-03 11:18:45.824802,ASSEMBLY  #16,J00113,C10112n20112,0
PLANT3,CEF_EQP13,2025-04-06 11:18:45.824803,ASSEMBLY  #19,J00114,C10113n20113,0
PLANT2,CEF_EQP14,2025-04-12 11:18:45.824805,ASSEMBLY  #17,J00115,C10114n20114,0
PLANT1,CEF_EQP15,2025-04-08 11:18:45.824807,ASSEMBLY  #16,J00116,C10115n20115,0
PLANT1,CEF_EQP16,2025-04-07 11:18:45.824808,ASSEMBLY  #17,J00117,C10116n20116,0
PLANT1,CEF_EQP17,2025-04-07 11:18:45.824810,ASSEMBLY  #18,J00118,C10117n20117,0
PLANT3,CEF_EQP18,2025-04-05 11:18:45.824811,ASSEMBLY  #17,J00119,C10118n20118,5
PLANT2,CEF_EQP19,2025-04-08 11:18:45.824813,ASSEMBLY  #20,J00120,C10119n20119,0
PLANT2,CEF_EQP20,2025-04-07 11:18:45.824814,ASSEMBLY  #18,J00121,C10120n20120,4
PLANT1,CEF_EQP21,2025-04-11 11:18:45.824816,ASSEMBLY  #16,J00122,C10121n20121,0
PLANT1,CEF_EQP22,2025-04-12 11:18:45.824818,ASSEMBLY  #16,J00123,C10122n20122,0
PLANT1,CEF_EQP23,2025-04-06 11:18:45.824819,ASSEMBLY  #16,J00124,C10123n20123,0
PLANT2,CEF_EQP24,2025-04-09 11:18:45.824821,ASSEMBLY  #17,J00125,C10124n20124,0
PLANT2,CEF_EQP25,2025-04-13 11:18:45.824822,ASSEMBLY  #17,J00126,C10125n20125,4
PLANT2,CEF_EQP26,2025-04-04 11:18:45.824824,ASSEMBLY  #18,J00127,C10126n20126,0
PLANT3,CEF_EQP27,2025-04-08 11:18:45.824825,ASSEMBLY  #16,J00128,C10127n20127,0
PLANT1,CEF_EQP28,2025-04-06 11:18:45.824827,ASSEMBLY  #19,J00129,C10128n20128,0
PLANT3,CEF_EQP29,2025-04-03 11:18:45.824829,ASSEMBLY  #16,J00130,C10129n20129,0
PLANT3,CEF_EQP30,2025-04-03 11:18:45.824830,ASSEMBLY  #17,J00131,C10130n20130,5
PLANT2,CEF_EQP31,2025-04-11 11:18:45.824833,ASSEMBLY  #18,J00132,C10131n20131,0
PLANT1,CEF_EQP32,2025-04-11 11:18:45.824836,ASSEMBLY  #16,J00133,C10132n20132,0
PLANT1,CEF_EQP33,2025-04-10 11:18:45.824839,ASSEMBLY  #18,J00134,C10133n20133,0
PLANT2,CEF_EQP34,2025-04-08 11:18:45.824842,ASSEMBLY  #18,J00135,C10134n20134,0
PLANT1,CEF_EQP35,2025-04-11 11:18:45.824845,ASSEMBLY  #20,J00136,C10135n20135,4
PLANT2,CEF_EQP36,2025-04-05 11:18:45.824848,ASSEMBLY  #19,J00137,C10136n20136,0
PLANT2,CEF_EQP37,2025-04-05 11:18:45.824850,ASSEMBLY  #20,J00138,C10137n20137,5
PLANT2,CEF_EQP38,2025-04-11 11:18:45.824853,ASSEMBLY  #17,J00139,C10138n20138,0
PLANT2,CEF_EQP39,2025-04-12 11:18:45.824856,ASSEMBLY  #16,J00140,C10139n20139,0
PLANT2,CEF_EQP40,2025-04-09 11:18:45.824860,ASSEMBLY  #16,J00141,C10140n20140,0
PLANT3,CEF_EQP41,2025-04-11 11:18:45.824862,ASSEMBLY  #19,J00142,C10141n20141,0
PLANT1,CEF_EQP42,2025-04-06 11:18:45.824873,ASSEMBLY  #19,J00143,C10142n20142,5
PLANT3,CEF_EQP43,2025-04-13 11:18:45.824875,ASSEMBLY  #16,J00144,C10143n20143,0
PLANT2,CEF_EQP44,2025-04-05 11:18:45.824877,ASSEMBLY  #19,J00145,C10144n20144,0
PLANT3,CEF_EQP45,2025-04-10 11:18:45.824878,ASSEMBLY  #16,J00146,C10145n20145,4
PLANT1,CEF_EQP46,2025-04-04 11:18:45.824880,ASSEMBLY  #20,J00147,C10146n20146,4
PLANT3,CEF_EQP47,2025-04-13 11:18:45.824881,ASSEMBLY  #18,J00148,C10147n20147,0
PLANT3,CEF_EQP48,2025-04-13 11:18:45.824883,ASSEMBLY  #16,J00149,C10148n20148,0
PLANT2,CEF_EQP49,2025-04-07 11:18:45.824885,ASSEMBLY  #17,J00150,C10149n20149,4
PLANT2,CEF_EQP0,2025-04-06 11:18:45.824886,ASSEMBLY  #20,J00151,C10150n20150,4
PLANT2,CEF_EQP1,2025-04-03 11:18:45.824888,ASSEMBLY  #20,J00152,C10151n20151,0
PLANT3,CEF_EQP2,2025-04-13 11:18:45.824889,ASSEMBLY  #18,J00153,C10152n20152,0
PLANT2,CEF_EQP3,2025-04-03 11:18:45.824891,ASSEMBLY  #19,J00154,C10153n20153,0
PLANT1,CEF_EQP4,2025-04-06 11:18:45.824892,ASSEMBLY  #19,J00155,C10154n20154,0
PLANT2,CEF_EQP5,2025-04-10 11:18:45.824894,ASSEMBLY  #19,J00156,C10155n20155,4
PLANT1,CEF_EQP6,2025-04-09 11:18:45.824896,ASSEMBLY  #16,J00157,C10156n20156,0
PLANT2,CEF_EQP7,2025-04-07 11:18:45.824897,ASSEMBLY  #19,J00158,C10157n20157,0
PLANT2,CEF_EQP8,2025-04-07 11:18:45.824899,ASSEMBLY  #18,J00159,C10158n20158,0
PLANT2,CEF_EQP9,2025-04-04 11:18:45.824900,ASSEMBLY  #16,J00160,C10159n20159,0
PLANT1,CEF_EQP10,2025-04-05 11:18:45.824902,ASSEMBLY  #16,J00161,C10160n20160,0
PLANT1,CEF_EQP11,2025-04-11 11:18:45.824903,ASSEMBLY  #18,J00162,C10161n20161,0
PLANT3,CEF_EQP12,2025-04-08 11:18:45.824905,ASSEMBLY  #16,J00163,C10162n20162,0
PLANT3,CEF_EQP13,2025-04-03 11:18:45.824906,ASSEMBLY  #17,J00164,C10163n20163,0
PLANT2,CEF_EQP14,2025-04-13 11:18:45.824908,ASSEMBLY  #17,J00165,C10164n20164,0
PLANT1,CEF_EQP15,2025-04-07 11:18:45.824909,ASSEMBLY  #16,J00166,C10165n20165,0
PLANT2,CEF_EQP16,2025-04-07 11:18:45.824911,ASSEMBLY  #18,J00167,C10166n20166,0
PLANT3,CEF_EQP17,2025-04-05 11:18:45.824912,ASSEMBLY  #17,J00168,C10167n20167,0
PLANT1,CEF_EQP18,2025-04-12 11:18:45.824914,ASSEMBLY  #20,J00169,C10168n20168,0
PLANT3,CEF_EQP19,2025-04-13 11:18:45.824916,ASSEMBLY  #16,J00170,C10169n20169,0
PLANT1,CEF_EQP20,2025-04-04 11:18:45.824917,ASSEMBLY  #19,J00171,C10170n20170,0
PLANT1,CEF_EQP21,2025-04-07 11:18:45.824919,ASSEMBLY  #16,J00172,C10171n20171,0
PLANT1,CEF_EQP22,2025-04-13 11:18:45.824920,ASSEMBLY  #19,J00173,C10172n20172,0
PLANT2,CEF_EQP23,2025-04-07 11:18:45.824922,ASSEMBLY  #20,J00174,C10173n20173,4
PLANT2,CEF_EQP24,2025-04-07 11:18:45.824923,ASSEMBLY  #18,J00175,C10174n20174,0
PLANT2,CEF_EQP25,2025-04-12 11:18:45.824925,ASSEMBLY  #20,J00176,C10175n20175,0
PLANT1,CEF_EQP26,2025-04-13 11:18:45.824927,ASSEMBLY  #20,J00177,C10176n20176,0
PLANT3,CEF_EQP27,2025-04-12 11:18:45.824928,ASSEMBLY  #20,J00178,C10177n20177,4
PLANT1,CEF_EQP28,2025-04-13 11:18:45.824930,ASSEMBLY  #20,J00179,C10178n20178,0
PLANT3,CEF_EQP29,2025-04-07 11:18:45.824931,ASSEMBLY  #16,J00180,C10179n20179,4
PLANT1,CEF_EQP30,2025-04-04 11:18:45.824933,ASSEMBLY  #16,J00181,C10180n20180,0
PLANT2,CEF_EQP31,2025-04-04 11:18:45.824934,ASSEMBLY  #20,J00182,C10181n20181,0
PLANT2,CEF_EQP32,2025-04-06 11:18:45.824936,ASSEMBLY  #18,J00183,C10182n20182,0
PLANT1,CEF_EQP33,2025-04-10 11:18:45.824937,ASSEMBLY  #17,J00184,C10183n20183,0
PLANT1,CEF_EQP34,2025-04-08 11:18:45.824939,ASSEMBLY  #19,J00185,C10184n20184,0
PLANT3,CEF_EQP35,2025-04-11 11:18:45.824940,ASSEMBLY  #20,J00186,C10185n20185,0
PLANT2,CEF_EQP36,2025-04-03 11:18:45.824942,ASSEMBLY  #19,J00187,C10186n20186,0
PLANT1,CEF_EQP37,2025-04-07 11:18:45.824943,ASSEMBLY  #16,J00188,C10187n20187,0
PLANT3,CEF_EQP38,2025-04-07 11:18:45.824945,ASSEMBLY  #19,J00189,C10188n20188,0
PLANT2,CEF_EQP39,2025-04-11 11:18:45.824946,ASSEMBLY  #16,J00190,C10189n20189,0
PLANT1,CEF_EQP40,2025-04-03 11:18:45.824948,ASSEMBLY  #18,J00191,C10190n20190,0
PLANT2,CEF_EQP41,2025-04-13 11:18:45.824949,ASSEMBLY  #20,J00192,C10191n20191,0
PLANT2,CEF_EQP42,2025-04-12 11:18:45.824951,ASSEMBLY  #19,J00193,C10192n20192,0
PLANT3,CEF_EQP43,2025-04-09 11:18:45.824953,ASSEMBLY  #16,J00194,C10193n20193,0
PLANT2,CEF_EQP44,2025-04-05 11:18:45.824955,ASSEMBLY  #17,J00195,C10194n20194,0
PLANT3,CEF_EQP45,2025-04-09 11:18:45.824956,ASSEMBLY  #20,J00196,C10195n20195,0
PLANT3,CEF_EQP46,2025-04-09 11:18:45.824958,ASSEMBLY  #19,J00197,C10196n20196,0
PLANT1,CEF_EQP47,2025-04-12 11:18:45.824959,ASSEMBLY  #20,J00198,C10197n20197,0
PLANT2,CEF_EQP48,2025-04-05 11:18:45.824961,ASSEMBLY  #16,J00199,C10198n20198,4
PLANT2,CEF_EQP49,2025-04-05 11:18:45.824962,ASSEMBLY  #17,J00200,C10199n20199,0
PLANT3,CEF_EQP0,2025-04-09 11:18:45.824964,ASSEMBLY  #17,J00201,C10200n20200,4
PLANT3,CEF_EQP1,2025-04-11 11:18:45.824966,ASSEMBLY  #19,J00202,C10201n20201,0
PLANT2,CEF_EQP2,2025-04-07 11:18:45.824967,ASSEMBLY  #18,J00203,C10202n20202,0
PLANT3,CEF_EQP3,2025-04-05 11:18:45.824969,ASSEMBLY  #17,J00204,C10203n20203,4
PLANT1,CEF_EQP4,2025-04-03 11:18:45.824970,ASSEMBLY  #19,J00205,C10204n20204,0
PLANT2,CEF_EQP5,2025-04-03 11:18:45.824972,ASSEMBLY  #19,J00206,C10205n20205,0
PLANT1,CEF_EQP6,2025-04-07 11:18:45.824973,ASSEMBLY  #19,J00207,C10206n20206,0
PLANT1,CEF_EQP7,2025-04-10 11:18:45.824975,ASSEMBLY  #20,J00208,C10207n20207,0
PLANT1,CEF_EQP8,2025-04-11 11:18:45.824976,ASSEMBLY  #18,J00209,C10208n20208,4
PLANT2,CEF_EQP9,2025-04-03 11:18:45.824978,ASSEMBLY  #16,J00210,C10209n20209,0
PLANT1,CEF_EQP10,2025-04-12 11:18:45.824980,ASSEMBLY  #17,J00211,C10210n20210,0
PLANT3,CEF_EQP11,2025-04-09 11:18:45.824981,ASSEMBLY  #17,J00212,C10211n20211,0
PLANT2,CEF_EQP12,2025-04-04 11:18:45.824983,ASSEMBLY  #16,J00213,C10212n20212,0
PLANT1,CEF_EQP13,2025-04-07 11:18:45.824984,ASSEMBLY  #19,J00214,C10213n20213,0
PLANT1,CEF_EQP14,2025-04-10 11:18:45.824986,ASSEMBLY  #18,J00215,C10214n20214,5
PLANT1,CEF_EQP15,2025-04-12 11:18:45.824987,ASSEMBLY  #19,J00216,C10215n20215,0
PLANT2,CEF_EQP16,2025-04-03 11:18:45.824989,ASSEMBLY  #16,J00217,C10216n20216,0
PLANT1,CEF_EQP17,2025-04-08 11:18:45.824990,ASSEMBLY  #19,J00218,C10217n20217,0
PLANT1,CEF_EQP18,2025-04-10 11:18:45.824992,ASSEMBLY  #20,J00219,C10218n20218,0
PLANT3,CEF_EQP19,2025-04-07 11:18:45.824993,ASSEMBLY  #17,J00220,C10219n20219,0
PLANT3,CEF_EQP20,2025-04-09 11:18:45.824995,ASSEMBLY  #19,J00221,C10220n20220,0
PLANT2,CEF_EQP21,2025-04-03 11:18:45.824996,ASSEMBLY  #18,J00222,C10221n20221,0
PLANT3,CEF_EQP22,2025-04-04 11:18:45.824998,ASSEMBLY  #18,J00223,C10222n20222,0
PLANT2,CEF_EQP23,2025-04-08 11:18:45.824999,ASSEMBLY  #16,J00224,C10223n20223,0
PLANT2,CEF_EQP24,2025-04-10 11:18:45.825001,ASSEMBLY  #17,J00225,C10224n20224,0
PLANT3,CEF_EQP25,2025-04-13 11:18:45.825002,ASSEMBLY  #19,J00226,C10225n20225,0
PLANT2,CEF_EQP26,2025-04-10 11:18:45.825004,ASSEMBLY  #17,J00227,C10226n20226,0
PLANT2,CEF_EQP27,2025-04-07 11:18:45.825005,ASSEMBLY  #17,J00228,C10227n20227,0
PLANT1,CEF_EQP28,2025-04-07 11:18:45.825007,ASSEMBLY  #18,J00229,C10228n20228,0
PLANT3,CEF_EQP29,2025-04-12 11:18:45.825008,ASSEMBLY  #20,J00230,C10229n20229,0
PLANT2,CEF_EQP30,2025-04-03 11:18:45.825010,ASSEMBLY  #19,J00231,C10230n20230,0
PLANT1,CEF_EQP31,2025-04-11 11:18:45.825011,ASSEMBLY  #19,J00232,C10231n20231,0
PLANT2,CEF_EQP32,2025-04-11 11:18:45.825013,ASSEMBLY  #19,J00233,C10232n20232,0
PLANT2,CEF_EQP33,2025-04-08 11:18:45.825015,ASSEMBLY  #19,J00234,C10233n20233,0
PLANT2,CEF_EQP34,2025-04-10 11:18:45.825016,ASSEMBLY  #16,J00235,C10234n20234,0
PLANT1,CEF_EQP35,2025-04-07 11:18:45.825018,ASSEMBLY  #17,J00236,C10235n20235,0
PLANT3,CEF_EQP36,2025-04-04 11:18:45.825019,ASSEMBLY  #18,J00237,C10236n20236,0
PLANT3,CEF_EQP37,2025-04-08 11:18:45.825021,ASSEMBLY  #19,J00238,C10237n20237,0
PLANT1,CEF_EQP38,2025-04-09 11:18:45.825022,ASSEMBLY  #19,J00239,C10238n20238,0
PLANT2,CEF_EQP39,2025-04-10 11:18:45.825025,ASSEMBLY  #17,J00240,C10239n20239,0
PLANT1,CEF_EQP40,2025-04-03 11:18:45.825027,ASSEMBLY  #18,J00241,C10240n20240,0
PLANT2,CEF_EQP41,2025-04-12 11:18:45.825029,ASSEMBLY  #18,J00242,C10241n20241,5
PLANT3,CEF_EQP42,2025-04-08 11:18:45.825032,ASSEMBLY  #18,J00243,C10242n20242,0
PLANT3,CEF_EQP43,2025-04-04 11:18:45.825035,ASSEMBLY  #18,J00244,C10243n20243,0
PLANT2,CEF_EQP44,2025-04-12 11:18:45.825038,ASSEMBLY  #16,J00245,C10244n20244,0
PLANT2,CEF_EQP45,2025-04-06 11:18:45.825041,ASSEMBLY  #20,J00246,C10245n20245,0
PLANT3,CEF_EQP46,2025-04-04 11:18:45.825044,ASSEMBLY  #17,J00247,C10246n20246,0
PLANT3,CEF_EQP47,2025-04-05 11:18:45.825046,ASSEMBLY  #17,J00248,C10247n20247,0
PLANT1,CEF_EQP48,2025-04-12 11:18:45.825049,ASSEMBLY  #19,J00249,C10248n20248,0
PLANT2,CEF_EQP49,2025-04-04 11:18:45.825052,ASSEMBLY  #19,J00250,C10249n20249,0
PLANT1,CEF_EQP0,2025-04-05 11:18:45.825055,ASSEMBLY  #19,J00251,C10250n20250,0
PLANT1,CEF_EQP1,2025-04-08 11:18:45.825058,ASSEMBLY  #18,J00252,C10251n20251,0
PLANT3,CEF_EQP2,2025-04-12 11:18:45.825067,ASSEMBLY  #20,J00253,C10252n20252,0
PLANT2,CEF_EQP3,2025-04-07 11:18:45.825068,ASSEMBLY  #18,J00254,C10253n20253,4
PLANT1,CEF_EQP4,2025-04-11 11:18:45.825070,ASSEMBLY  #17,J00255,C10254n20254,0
PLANT1,CEF_EQP5,2025-04-08 11:18:45.825071,ASSEMBLY  #16,J00256,C10255n20255,0
PLANT2,CEF_EQP6,2025-04-12 11:18:45.825073,ASSEMBLY  #18,J00257,C10256n20256,0
PLANT2,CEF_EQP7,2025-04-03 11:18:45.825075,ASSEMBLY  #16,J00258,C10257n20257,0
PLANT2,CEF_EQP8,2025-04-10 11:18:45.825076,ASSEMBLY  #16,J00259,C10258n20258,0
PLANT2,CEF_EQP9,2025-04-08 11:18:45.825078,ASSEMBLY  #19,J00260,C10259n20259,4
PLANT1,CEF_EQP10,2025-04-07 11:18:45.825079,ASSEMBLY  #16,J00261,C10260n20260,0
PLANT2,CEF_EQP11,2025-04-07 11:18:45.825081,ASSEMBLY  #18,J00262,C10261n20261,0
PLANT3,CEF_EQP12,2025-04-11 11:18:45.825082,ASSEMBLY  #17,J00263,C10262n20262,0
PLANT1,CEF_EQP13,2025-04-06 11:18:45.825084,ASSEMBLY  #16,J00264,C10263n20263,4
PLANT3,CEF_EQP14,2025-04-08 11:18:45.825086,ASSEMBLY  #16,J00265,C10264n20264,0
PLANT1,CEF_EQP15,2025-04-05 11:18:45.825087,ASSEMBLY  #16,J00266,C10265n20265,0
PLANT1,CEF_EQP16,2025-04-04 11:18:45.825089,ASSEMBLY  #17,J00267,C10266n20266,0
PLANT2,CEF_EQP17,2025-04-09 11:18:45.825090,ASSEMBLY  #17,J00268,C10267n20267,0
PLANT3,CEF_EQP18,2025-04-06 11:18:45.825092,ASSEMBLY  #18,J00269,C10268n20268,0
PLANT3,CEF_EQP19,2025-04-05 11:18:45.825094,ASSEMBLY  #18,J00270,C10269n20269,0
PLANT1,CEF_EQP20,2025-04-07 11:18:45.825095,ASSEMBLY  #17,J00271,C10270n20270,0
PLANT2,CEF_EQP21,2025-04-08 11:18:45.825097,ASSEMBLY  #20,J00272,C10271n20271,0
PLANT3,CEF_EQP22,2025-04-08 11:18:45.825099,ASSEMBLY  #19,J00273,C10272n20272,0
PLANT3,CEF_EQP23,2025-04-10 11:18:45.825101,ASSEMBLY  #20,J00274,C10273n20273,4
PLANT3,CEF_EQP24,2025-04-06 11:18:45.825103,ASSEMBLY  #19,J00275,C10274n20274,0
PLANT2,CEF_EQP25,2025-04-13 11:18:45.825104,ASSEMBLY  #20,J00276,C10275n20275,0
PLANT3,CEF_EQP26,2025-04-10 11:18:45.825106,ASSEMBLY  #17,J00277,C10276n20276,0
PLANT2,CEF_EQP27,2025-04-06 11:18:45.825107,ASSEMBLY  #20,J00278,C10277n20277,0
PLANT3,CEF_EQP28,2025-04-04 11:18:45.825109,ASSEMBLY  #16,J00279,C10278n20278,0
PLANT3,CEF_EQP29,2025-04-10 11:18:45.825110,ASSEMBLY  #16,J00280,C10279n20279,0
PLANT3,CEF_EQP30,2025-04-06 11:18:45.825112,ASSEMBLY  #18,J00281,C10280n20280,0
PLANT1,CEF_EQP31,2025-04-13 11:18:45.825113,ASSEMBLY  #20,J00282,C10281n20281,0
PLANT3,CEF_EQP32,2025-04-06 11:18:45.825115,ASSEMBLY  #17,J00283,C10282n20282,0
PLANT3,CEF_EQP33,2025-04-11 11:18:45.825116,ASSEMBLY  #20,J00284,C10283n20283,0
PLANT1,CEF_EQP34,2025-04-05 11:18:45.825118,ASSEMBLY  #20,J00285,C10284n20284,0
PLANT2,CEF_EQP35,2025-04-04 11:18:45.825119,ASSEMBLY  #16,J00286,C10285n20285,0
PLANT3,CEF_EQP36,2025-04-10 11:18:45.825121,ASSEMBLY  #20,J00287,C10286n20286,0
PLANT3,CEF_EQP37,2025-04-11 11:18:45.825123,ASSEMBLY  #16,J00288,C10287n20287,0
PLANT1,CEF_EQP38,2025-04-08 11:18:45.825124,ASSEMBLY  #18,J00289,C10288n20288,0
PLANT1,CEF_EQP39,2025-04-08 11:18:45.825126,ASSEMBLY  #19,J00290,C10289n20289,0
PLANT1,CEF_EQP40,2025-04-07 11:18:45.825127,ASSEMBLY  #20,J00291,C10290n20290,0
PLANT3,CEF_EQP41,2025-04-09 11:18:45.825129,ASSEMBLY  #19,J00292,C10291n20291,0
PLANT1,CEF_EQP42,2025-04-03 11:18:45.825131,ASSEMBLY  #17,J00293,C10292n20292,0
PLANT2,CEF_EQP43,2025-04-05 11:18:45.825132,ASSEMBLY  #16,J00294,C10293n20293,0
PLANT3,CEF_EQP44,2025-04-08 11:18:45.825134,ASSEMBLY  #16,J00295,C10294n20294,0
PLANT2,CEF_EQP45,2025-04-07 11:18:45.825135,ASSEMBLY  #18,J00296,C10295n20295,0
PLANT1,CEF_EQP46,2025-04-04 11:18:45.825137,ASSEMBLY  #18,J00297,C10296n20296,5
PLANT1,CEF_EQP47,2025-04-12 11:18:45.825138,ASSEMBLY  #20,J00298,C10297n20297,0
PLANT1,CEF_EQP48,2025-04-07 11:18:45.825140,ASSEMBLY  #20,J00299,C10298n20298,0
PLANT3,CEF_EQP49,2025-04-03 11:18:45.825141,ASSEMBLY  #18,J00300,C10299n20299,0
PLANT1,CEF_EQP0,2025-04-06 11:18:45.825143,ASSEMBLY  #17,J00301,C10300n20300,5
PLANT1,CEF_EQP1,2025-04-11 11:18:45.825144,ASSEMBLY  #20,J00302,C10301n20301,0
PLANT1,CEF_EQP2,2025-04-07 11:18:45.825146,ASSEMBLY  #20,J00303,C10302n20302,0
PLANT3,CEF_EQP3,2025-04-13 11:18:45.825147,ASSEMBLY  #19,J00304,C10303n20303,0
PLANT3,CEF_EQP4,2025-04-12 11:18:45.825149,ASSEMBLY  #17,J00305,C10304n20304,4
PLANT2,CEF_EQP5,2025-04-06 11:18:45.825150,ASSEMBLY  #17,J00306,C10305n20305,0
PLANT1,CEF_EQP6,2025-04-06 11:18:45.825152,ASSEMBLY  #20,J00307,C10306n20306,0
PLANT3,CEF_EQP7,2025-04-09 11:18:45.825154,ASSEMBLY  #18,J00308,C10307n20307,0
PLANT3,CEF_EQP8,2025-04-12 11:18:45.825155,ASSEMBLY  #17,J00309,C10308n20308,0
PLANT2,CEF_EQP9,2025-04-10 11:18:45.825158,ASSEMBLY  #18,J00310,C10309n20309,0
PLANT3,CEF_EQP10,2025-04-04 11:18:45.825160,ASSEMBLY  #16,J00311,C10310n20310,0
PLANT1,CEF_EQP11,2025-04-11 11:18:45.825162,ASSEMBLY  #18,J00312,C10311n20311,0
PLANT2,CEF_EQP12,2025-04-13 11:18:45.825163,ASSEMBLY  #19,J00313,C10312n20312,0
PLANT3,CEF_EQP13,2025-04-13 11:18:45.825165,ASSEMBLY  #16,J00314,C10313n20313,4
PLANT2,CEF_EQP14,2025-04-13 11:18:45.825166,ASSEMBLY  #19,J00315,C10314n20314,0
PLANT2,CEF_EQP15,2025-04-13 11:18:45.825168,ASSEMBLY  #17,J00316,C10315n20315,0
PLANT3,CEF_EQP16,2025-04-03 11:18:45.825169,ASSEMBLY  #18,J00317,C10316n20316,0
PLANT2,CEF_EQP17,2025-04-13 11:18:45.825170,ASSEMBLY  #16,J00318,C10317n20317,0
PLANT1,CEF_EQP18,2025-04-09 11:18:45.825172,ASSEMBLY  #18,J00319,C10318n20318,0
PLANT2,CEF_EQP19,2025-04-03 11:18:45.825173,ASSEMBLY  #18,J00320,C10319n20319,0
PLANT3,CEF_EQP20,2025-04-12 11:18:45.825175,ASSEMBLY  #16,J00321,C10320n20320,0
PLANT1,CEF_EQP21,2025-04-12 11:18:45.825177,ASSEMBLY  #18,J00322,C10321n20321,0
PLANT3,CEF_EQP22,2025-04-07 11:18:45.825178,ASSEMBLY  #18,J00323,C10322n20322,0
PLANT3,CEF_EQP23,2025-04-05 11:18:45.825180,ASSEMBLY  #16,J00324,C10323n20323,0
PLANT1,CEF_EQP24,2025-04-10 11:18:45.825181,ASSEMBLY  #20,J00325,C10324n20324,0
PLANT3,CEF_EQP25,2025-04-12 11:18:45.825183,ASSEMBLY  #17,J00326,C10325n20325,0
PLANT3,CEF_EQP26,2025-04-09 11:18:45.825184,ASSEMBLY  #20,J00327,C10326n20326,0
PLANT2,CEF_EQP27,2025-04-13 11:18:45.825186,ASSEMBLY  #17,J00328,C10327n20327,0
PLANT1,CEF_EQP28,2025-04-11 11:18:45.825187,ASSEMBLY  #18,J00329,C10328n20328,0
PLANT1,CEF_EQP29,2025-04-08 11:18:45.825189,ASSEMBLY  #20,J00330,C10329n20329,0
PLANT1,CEF_EQP30,2025-04-04 11:18:45.825190,ASSEMBLY  #16,J00331,C10330n20330,0
PLANT3,CEF_EQP31,2025-04-06 11:18:45.825192,ASSEMBLY  #16,J00332,C10331n20331,0
PLANT2,CEF_EQP32,2025-04-05 11:18:45.825193,ASSEMBLY  #17,J00333,C10332n20332,0
PLANT2,CEF_EQP33,2025-04-11 11:18:45.825195,ASSEMBLY  #18,J00334,C10333n20333,0
PLANT2,CEF_EQP34,2025-04-05 11:18:45.825197,ASSEMBLY  #17,J00335,C10334n20334,0
PLANT1,CEF_EQP35,2025-04-13 11:18:45.825198,ASSEMBLY  #18,J00336,C10335n20335,0
PLANT3,CEF_EQP36,2025-04-05 11:18:45.825200,ASSEMBLY  #19,J00337,C10336n20336,0
PLANT3,CEF_EQP37,2025-04-06 11:18:45.825202,ASSEMBLY  #16,J00338,C10337n20337,0
PLANT2,CEF_EQP38,2025-04-07 11:18:45.825203,ASSEMBLY  #16,J00339,C10338n20338,0
PLANT2,CEF_EQP39,2025-04-05 11:18:45.825205,ASSEMBLY  #18,J00340,C10339n20339,0
PLANT3,CEF_EQP40,2025-04-04 11:18:45.825206,ASSEMBLY  #17,J00341,C10340n20340,0
PLANT2,CEF_EQP41,2025-04-13 11:18:45.825208,ASSEMBLY  #20,J00342,C10341n20341,0
PLANT1,CEF_EQP42,2025-04-05 11:18:45.825209,ASSEMBLY  #19,J00343,C10342n20342,0
PLANT3,CEF_EQP43,2025-04-03 11:18:45.825211,ASSEMBLY  #16,J00344,C10343n20343,0
PLANT1,CEF_EQP44,2025-04-03 11:18:45.825212,ASSEMBLY  #19,J00345,C10344n20344,4
PLANT3,CEF_EQP45,2025-04-03 11:18:45.825214,ASSEMBLY  #20,J00346,C10345n20345,0
PLANT3,CEF_EQP46,2025-04-07 11:18:45.825215,ASSEMBLY  #16,J00347,C10346n20346,4
PLANT3,CEF_EQP47,2025-04-05 11:18:45.825217,ASSEMBLY  #20,J00348,C10347n20347,0
PLANT1,CEF_EQP48,2025-04-07 11:18:45.825218,ASSEMBLY  #16,J00349,C10348n20348,0
PLANT2,CEF_EQP49,2025-04-05 11:18:45.825220,ASSEMBLY  #20,J00350,C10349n20349,0
PLANT1,CEF_EQP0,2025-04-09 11:18:45.825221,ASSEMBLY  #17,J00351,C10350n20350,5
PLANT2,CEF_EQP1,2025-04-12 11:18:45.825223,ASSEMBLY  #16,J00352,C10351n20351,0
PLANT1,CEF_EQP2,2025-04-10 11:18:45.825225,ASSEMBLY  #16,J00353,C10352n20352,0
PLANT1,CEF_EQP3,2025-04-11 11:18:45.825227,ASSEMBLY  #20,J00354,C10353n20353,0
PLANT1,CEF_EQP4,2025-04-10 11:18:45.825229,ASSEMBLY  #17,J00355,C10354n20354,0
PLANT2,CEF_EQP5,2025-04-12 11:18:45.825230,ASSEMBLY  #20,J00356,C10355n20355,4
PLANT2,CEF_EQP6,2025-04-13 11:18:45.825232,ASSEMBLY  #18,J00357,C10356n20356,0
PLANT2,CEF_EQP7,2025-04-08 11:18:45.825233,ASSEMBLY  #16,J00358,C10357n20357,0
PLANT2,CEF_EQP8,2025-04-05 11:18:45.825235,ASSEMBLY  #19,J00359,C10358n20358,0
PLANT3,CEF_EQP9,2025-04-06 11:18:45.825236,ASSEMBLY  #18,J00360,C10359n20359,0
PLANT3,CEF_EQP10,2025-04-09 11:18:45.825238,ASSEMBLY  #16,J00361,C10360n20360,0
PLANT2,CEF_EQP11,2025-04-06 11:18:45.825239,ASSEMBLY  #17,J00362,C10361n20361,0
PLANT3,CEF_EQP12,2025-04-10 11:18:45.825241,ASSEMBLY  #18,J00363,C10362n20362,0
PLANT2,CEF_EQP13,2025-04-13 11:18:45.825244,ASSEMBLY  #20,J00364,C10363n20363,0
PLANT3,CEF_EQP14,2025-04-07 11:18:45.825245,ASSEMBLY  #20,J00365,C10364n20364,0
PLANT2,CEF_EQP15,2025-04-04 11:18:45.825247,ASSEMBLY  #19,J00366,C10365n20365,0
PLANT3,CEF_EQP16,2025-04-11 11:18:45.825248,ASSEMBLY  #17,J00367,C10366n20366,0
PLANT2,CEF_EQP17,2025-04-10 11:18:45.825250,ASSEMBLY  #18,J00368,C10367n20367,0
PLANT2,CEF_EQP18,2025-04-13 11:18:45.825251,ASSEMBLY  #16,J00369,C10368n20368,0
PLANT1,CEF_EQP19,2025-04-12 11:18:45.825253,ASSEMBLY  #18,J00370,C10369n20369,0
PLANT3,CEF_EQP20,2025-04-05 11:18:45.825255,ASSEMBLY  #16,J00371,C10370n20370,0
PLANT2,CEF_EQP21,2025-04-06 11:18:45.825256,ASSEMBLY  #16,J00372,C10371n20371,0
PLANT2,CEF_EQP22,2025-04-11 11:18:45.825258,ASSEMBLY  #17,J00373,C10372n20372,0
PLANT1,CEF_EQP23,2025-04-07 11:18:45.825259,ASSEMBLY  #20,J00374,C10373n20373,5
PLANT2,CEF_EQP24,2025-04-08 11:18:45.825261,ASSEMBLY  #17,J00375,C10374n20374,0
PLANT1,CEF_EQP25,2025-04-07 11:18:45.825262,ASSEMBLY  #19,J00376,C10375n20375,0
PLANT2,CEF_EQP26,2025-04-05 11:18:45.825264,ASSEMBLY  #18,J00377,C10376n20376,0
PLANT1,CEF_EQP27,2025-04-05 11:18:45.825265,ASSEMBLY  #17,J00378,C10377n20377,0
PLANT2,CEF_EQP28,2025-04-05 11:18:45.825267,ASSEMBLY  #20,J00379,C10378n20378,0
PLANT2,CEF_EQP29,2025-04-10 11:18:45.825268,ASSEMBLY  #19,J00380,C10379n20379,4
PLANT2,CEF_EQP30,2025-04-05 11:18:45.825270,ASSEMBLY  #19,J00381,C10380n20380,0
PLANT2,CEF_EQP31,2025-04-12 11:18:45.825271,ASSEMBLY  #16,J00382,C10381n20381,4
PLANT2,CEF_EQP32,2025-04-06 11:18:45.825273,ASSEMBLY  #16,J00383,C10382n20382,0
PLANT2,CEF_EQP33,2025-04-13 11:18:45.825275,ASSEMBLY  #19,J00384,C10383n20383,0
PLANT1,CEF_EQP34,2025-04-10 11:18:45.825276,ASSEMBLY  #16,J00385,C10384n20384,0
PLANT3,CEF_EQP35,2025-04-04 11:18:45.825278,ASSEMBLY  #19,J00386,C10385n20385,0
PLANT1,CEF_EQP36,2025-04-10 11:18:45.825279,ASSEMBLY  #16,J00387,C10386n20386,0
PLANT3,CEF_EQP37,2025-04-11 11:18:45.825281,ASSEMBLY  #16,J00388,C10387n20387,0
PLANT1,CEF_EQP38,2025-04-04 11:18:45.825282,ASSEMBLY  #19,J00389,C10388n20388,0
PLANT2,CEF_EQP39,2025-04-04 11:18:45.825284,ASSEMBLY  #18,J00390,C10389n20389,0
PLANT3,CEF_EQP40,2025-04-10 11:18:45.825285,ASSEMBLY  #17,J00391,C10390n20390,5
PLANT1,CEF_EQP41,2025-04-09 11:18:45.825287,ASSEMBLY  #20,J00392,C10391n20391,0
PLANT3,CEF_EQP42,2025-04-05 11:18:45.825289,ASSEMBLY  #20,J00393,C10392n20392,4
PLANT2,CEF_EQP43,2025-04-06 11:18:45.825290,ASSEMBLY  #20,J00394,C10393n20393,0
PLANT1,CEF_EQP44,2025-04-10 11:18:45.825292,ASSEMBLY  #17,J00395,C10394n20394,0
PLANT2,CEF_EQP45,2025-04-08 11:18:45.825294,ASSEMBLY  #18,J00396,C10395n20395,0
PLANT2,CEF_EQP46,2025-04-04 11:18:45.825295,ASSEMBLY  #17,J00397,C10396n20396,5
PLANT1,CEF_EQP47,2025-04-12 11:18:45.825297,ASSEMBLY  #20,J00398,C10397n20397,4
PLANT3,CEF_EQP48,2025-04-04 11:18:45.825298,ASSEMBLY  #18,J00399,C10398n20398,5
PLANT1,CEF_EQP49,2025-04-07 11:18:45.825300,ASSEMBLY  #17,J00400,C10399n20399,0
PLANT1,CEF_EQP0,2025-04-08 11:18:45.825301,ASSEMBLY  #18,J00401,C10400n20400,0
PLANT2,CEF_EQP1,2025-04-12 11:18:45.825304,ASSEMBLY  #16,J00402,C10401n20401,0
PLANT1,CEF_EQP2,2025-04-04 11:18:45.825305,ASSEMBLY  #17,J00403,C10402n20402,0
PLANT1,CEF_EQP3,2025-04-08 11:18:45.825307,ASSEMBLY  #20,J00404,C10403n20403,0
PLANT2,CEF_EQP4,2025-04-10 11:18:45.825308,ASSEMBLY  #20,J00405,C10404n20404,0
PLANT1,CEF_EQP5,2025-04-11 11:18:45.825310,ASSEMBLY  #17,J00406,C10405n20405,0
PLANT1,CEF_EQP6,2025-04-04 11:18:45.825311,ASSEMBLY  #17,J00407,C10406n20406,0
PLANT3,CEF_EQP7,2025-04-10 11:18:45.825313,ASSEMBLY  #19,J00408,C10407n20407,4
PLANT2,CEF_EQP8,2025-04-11 11:18:45.825314,ASSEMBLY  #18,J00409,C10408n20408,0
PLANT2,CEF_EQP9,2025-04-05 11:18:45.825316,ASSEMBLY  #16,J00410,C10409n20409,0
PLANT1,CEF_EQP10,2025-04-11 11:18:45.825318,ASSEMBLY  #18,J00411,C10410n20410,0
PLANT2,CEF_EQP11,2025-04-03 11:18:45.825319,ASSEMBLY  #20,J00412,C10411n20411,5
PLANT1,CEF_EQP12,2025-04-03 11:18:45.825321,ASSEMBLY  #19,J00413,C10412n20412,0
PLANT1,CEF_EQP13,2025-04-03 11:18:45.825322,ASSEMBLY  #19,J00414,C10413n20413,0
PLANT1,CEF_EQP14,2025-04-12 11:18:45.825324,ASSEMBLY  #17,J00415,C10414n20414,0
PLANT2,CEF_EQP15,2025-04-07 11:18:45.825325,ASSEMBLY  #18,J00416,C10415n20415,0
PLANT2,CEF_EQP16,2025-04-08 11:18:45.825327,ASSEMBLY  #18,J00417,C10416n20416,0
PLANT2,CEF_EQP17,2025-04-10 11:18:45.825328,ASSEMBLY  #16,J00418,C10417n20417,0
PLANT2,CEF_EQP18,2025-04-03 11:18:45.825330,ASSEMBLY  #18,J00419,C10418n20418,0
PLANT1,CEF_EQP19,2025-04-13 11:18:45.825331,ASSEMBLY  #17,J00420,C10419n20419,0
PLANT3,CEF_EQP20,2025-04-12 11:18:45.825333,ASSEMBLY  #16,J00421,C10420n20420,0
PLANT3,CEF_EQP21,2025-04-12 11:18:45.825334,ASSEMBLY  #20,J00422,C10421n20421,5
PLANT2,CEF_EQP22,2025-04-04 11:18:45.825336,ASSEMBLY  #19,J00423,C10422n20422,0
PLANT3,CEF_EQP23,2025-04-06 11:18:45.825337,ASSEMBLY  #16,J00424,C10423n20423,0
PLANT3,CEF_EQP24,2025-04-03 11:18:45.825339,ASSEMBLY  #18,J00425,C10424n20424,0
PLANT1,CEF_EQP25,2025-04-11 11:18:45.825340,ASSEMBLY  #20,J00426,C10425n20425,0
PLANT1,CEF_EQP26,2025-04-04 11:18:45.825342,ASSEMBLY  #18,J00427,C10426n20426,0
PLANT3,CEF_EQP27,2025-04-07 11:18:45.825344,ASSEMBLY  #20,J00428,C10427n20427,0
PLANT2,CEF_EQP28,2025-04-05 11:18:45.825345,ASSEMBLY  #19,J00429,C10428n20428,4
PLANT1,CEF_EQP29,2025-04-13 11:18:45.825347,ASSEMBLY  #17,J00430,C10429n20429,0
PLANT1,CEF_EQP30,2025-04-04 11:18:45.825348,ASSEMBLY  #18,J00431,C10430n20430,0
PLANT2,CEF_EQP31,2025-04-13 11:18:45.825350,ASSEMBLY  #16,J00432,C10431n20431,0
PLANT3,CEF_EQP32,2025-04-06 11:18:45.825351,ASSEMBLY  #18,J00433,C10432n20432,0
PLANT2,CEF_EQP33,2025-04-13 11:18:45.825353,ASSEMBLY  #17,J00434,C10433n20433,0
PLANT3,CEF_EQP34,2025-04-10 11:18:45.825355,ASSEMBLY  #17,J00435,C10434n20434,0
PLANT3,CEF_EQP35,2025-04-06 11:18:45.825356,ASSEMBLY  #19,J00436,C10435n20435,0
PLANT2,CEF_EQP36,2025-04-13 11:18:45.825358,ASSEMBLY  #16,J00437,C10436n20436,0
PLANT3,CEF_EQP37,2025-04-07 11:18:45.825360,ASSEMBLY  #16,J00438,C10437n20437,0
PLANT3,CEF_EQP38,2025-04-13 11:18:45.825361,ASSEMBLY  #20,J00439,C10438n20438,4
PLANT2,CEF_EQP39,2025-04-13 11:18:45.825362,ASSEMBLY  #19,J00440,C10439n20439,0
PLANT3,CEF_EQP40,2025-04-10 11:18:45.825364,ASSEMBLY  #19,J00441,C10440n20440,0
PLANT2,CEF_EQP41,2025-04-06 11:18:45.825365,ASSEMBLY  #16,J00442,C10441n20441,0
PLANT1,CEF_EQP42,2025-04-03 11:18:45.825367,ASSEMBLY  #17,J00443,C10442n20442,0
PLANT2,CEF_EQP43,2025-04-12 11:18:45.825369,ASSEMBLY  #19,J00444,C10443n20443,0
PLANT2,CEF_EQP44,2025-04-04 11:18:45.825371,ASSEMBLY  #18,J00445,C10444n20444,4
PLANT2,CEF_EQP45,2025-04-10 11:18:45.825372,ASSEMBLY  #18,J00446,C10445n20445,0
PLANT1,CEF_EQP46,2025-04-13 11:18:45.825374,ASSEMBLY  #18,J00447,C10446n20446,0
PLANT2,CEF_EQP47,2025-04-06 11:18:45.825375,ASSEMBLY  #18,J00448,C10447n20447,4
PLANT1,CEF_EQP48,2025-04-03 11:18:45.825377,ASSEMBLY  #17,J00449,C10448n20448,4
PLANT1,CEF_EQP49,2025-04-06 11:18:45.825378,ASSEMBLY  #17,J00450,C10449n20449,0
PLANT3,CEF_EQP0,2025-04-08 11:18:45.825455,ASSEMBLY  #19,J00451,C10450n20450,0
PLANT2,CEF_EQP1,2025-04-05 11:18:45.825458,ASSEMBLY  #18,J00452,C10451n20451,4
PLANT3,CEF_EQP2,2025-04-06 11:18:45.825459,ASSEMBLY  #16,J00453,C10452n20452,4
PLANT1,CEF_EQP3,2025-04-03 11:18:45.825461,ASSEMBLY  #19,J00454,C10453n20453,0
PLANT3,CEF_EQP4,2025-04-04 11:18:45.825463,ASSEMBLY  #20,J00455,C10454n20454,0
PLANT3,CEF_EQP5,2025-04-03 11:18:45.825464,ASSEMBLY  #19,J00456,C10455n20455,0
PLANT1,CEF_EQP6,2025-04-06 11:18:45.825465,ASSEMBLY  #16,J00457,C10456n20456,0
PLANT3,CEF_EQP7,2025-04-10 11:18:45.825468,ASSEMBLY  #19,J00458,C10457n20457,0
PLANT1,CEF_EQP8,2025-04-06 11:18:45.825470,ASSEMBLY  #16,J00459,C10458n20458,0
PLANT1,CEF_EQP9,2025-04-12 11:18:45.825471,ASSEMBLY  #20,J00460,C10459n20459,0
PLANT1,CEF_EQP10,2025-04-12 11:18:45.825473,ASSEMBLY  #17,J00461,C10460n20460,0
PLANT2,CEF_EQP11,2025-04-04 11:18:45.825474,ASSEMBLY  #18,J00462,C10461n20461,0
PLANT2,CEF_EQP12,2025-04-10 11:18:45.825476,ASSEMBLY  #20,J00463,C10462n20462,0
PLANT1,CEF_EQP13,2025-04-03 11:18:45.825477,ASSEMBLY  #18,J00464,C10463n20463,5
PLANT3,CEF_EQP14,2025-04-10 11:18:45.825479,ASSEMBLY  #18,J00465,C10464n20464,0
PLANT1,CEF_EQP15,2025-04-05 11:18:45.825481,ASSEMBLY  #20,J00466,C10465n20465,0
PLANT3,CEF_EQP16,2025-04-13 11:18:45.825482,ASSEMBLY  #20,J00467,C10466n20466,0
PLANT3,CEF_EQP17,2025-04-03 11:18:45.825484,ASSEMBLY  #18,J00468,C10467n20467,0
PLANT1,CEF_EQP18,2025-04-09 11:18:45.825485,ASSEMBLY  #19,J00469,C10468n20468,0
PLANT2,CEF_EQP19,2025-04-07 11:18:45.825487,ASSEMBLY  #18,J00470,C10469n20469,0
PLANT2,CEF_EQP20,2025-04-07 11:18:45.825488,ASSEMBLY  #20,J00471,C10470n20470,0
PLANT3,CEF_EQP21,2025-04-03 11:18:45.825490,ASSEMBLY  #18,J00472,C10471n20471,0
PLANT3,CEF_EQP22,2025-04-05 11:18:45.825491,ASSEMBLY  #17,J00473,C10472n20472,0
PLANT3,CEF_EQP23,2025-04-11 11:18:45.825493,ASSEMBLY  #18,J00474,C10473n20473,4
PLANT1,CEF_EQP24,2025-04-13 11:18:45.825494,ASSEMBLY  #17,J00475,C10474n20474,0
PLANT3,CEF_EQP25,2025-04-13 11:18:45.825496,ASSEMBLY  #18,J00476,C10475n20475,0
PLANT3,CEF_EQP26,2025-04-13 11:18:45.825498,ASSEMBLY  #19,J00477,C10476n20476,0
PLANT3,CEF_EQP27,2025-04-07 11:18:45.825499,ASSEMBLY  #16,J00478,C10477n20477,0
PLANT2,CEF_EQP28,2025-04-08 11:18:45.825501,ASSEMBLY  #20,J00479,C10478n20478,0
PLANT1,CEF_EQP29,2025-04-08 11:18:45.825502,ASSEMBLY  #17,J00480,C10479n20479,0
PLANT3,CEF_EQP30,2025-04-08 11:18:45.825504,ASSEMBLY  #19,J00481,C10480n20480,0
PLANT1,CEF_EQP31,2025-04-07 11:18:45.825506,ASSEMBLY  #20,J00482,C10481n20481,0
PLANT1,CEF_EQP32,2025-04-10 11:18:45.825507,ASSEMBLY  #16,J00483,C10482n20482,0
PLANT1,CEF_EQP33,2025-04-11 11:18:45.825509,ASSEMBLY  #20,J00484,C10483n20483,0
PLANT3,CEF_EQP34,2025-04-06 11:18:45.825511,ASSEMBLY  #18,J00485,C10484n20484,0
PLANT3,CEF_EQP35,2025-04-05 11:18:45.825512,ASSEMBLY  #19,J00486,C10485n20485,0
PLANT3,CEF_EQP36,2025-04-04 11:18:45.825514,ASSEMBLY  #18,J00487,C10486n20486,0
PLANT2,CEF_EQP37,2025-04-08 11:18:45.825516,ASSEMBLY  #17,J00488,C10487n20487,0
PLANT1,CEF_EQP38,2025-04-10 11:18:45.825517,ASSEMBLY  #19,J00489,C10488n20488,4
PLANT3,CEF_EQP39,2025-04-11 11:18:45.825519,ASSEMBLY  #20,J00490,C10489n20489,0
PLANT3,CEF_EQP40,2025-04-13 11:18:45.825520,ASSEMBLY  #20,J00491,C10490n20490,0
PLANT2,CEF_EQP41,2025-04-13 11:18:45.825522,ASSEMBLY  #17,J00492,C10491n20491,0
PLANT3,CEF_EQP42,2025-04-12 11:18:45.825524,ASSEMBLY  #20,J00493,C10492n20492,0
PLANT3,CEF_EQP43,2025-04-12 11:18:45.825526,ASSEMBLY  #19,J00494,C10493n20493,0
PLANT3,CEF_EQP44,2025-04-08 11:18:45.825527,ASSEMBLY  #19,J00495,C10494n20494,0
PLANT2,CEF_EQP45,2025-04-13 11:18:45.825529,ASSEMBLY  #18,J00496,C10495n20495,0
PLANT1,CEF_EQP46,2025-04-03 11:18:45.825530,ASSEMBLY  #17,J00497,C10496n20496,0
PLANT2,CEF_EQP47,2025-04-03 11:18:45.825532,ASSEMBLY  #19,J00498,C10497n20497,0
PLANT1,CEF_EQP48,2025-04-11 11:18:45.825534,ASSEMBLY  #16,J00499,C10498n20498,0
PLANT1,CEF_EQP49,2025-04-03 11:18:45.825535,ASSEMBLY  #16,J00500,C10499n20499,0
PLANT3,CEF_EQP0,2025-04-03 11:18:45.825537,ASSEMBLY  #20,J00501,C10500n20500,0
PLANT2,CEF_EQP1,2025-04-03 11:18:45.825538,ASSEMBLY  #17,J00502,C10501n20501,4
PLANT1,CEF_EQP2,2025-04-06 11:18:45.825540,ASSEMBLY  #17,J00503,C10502n20502,0
PLANT3,CEF_EQP3,2025-04-07 11:18:45.825541,ASSEMBLY  #18,J00504,C10503n20503,0
PLANT3,CEF_EQP4,2025-04-12 11:18:45.825543,ASSEMBLY  #20,J00505,C10504n20504,4
PLANT1,CEF_EQP5,2025-04-08 11:18:45.825545,ASSEMBLY  #16,J00506,C10505n20505,0
PLANT3,CEF_EQP6,2025-04-03 11:18:45.825546,ASSEMBLY  #19,J00507,C10506n20506,0
PLANT2,CEF_EQP7,2025-04-13 11:18:45.825548,ASSEMBLY  #20,J00508,C10507n20507,0
PLANT3,CEF_EQP8,2025-04-13 11:18:45.825549,ASSEMBLY  #20,J00509,C10508n20508,0
PLANT2,CEF_EQP9,2025-04-07 11:18:45.825551,ASSEMBLY  #20,J00510,C10509n20509,0
PLANT1,CEF_EQP10,2025-04-04 11:18:45.825552,ASSEMBLY  #19,J00511,C10510n20510,0
PLANT3,CEF_EQP11,2025-04-13 11:18:45.825554,ASSEMBLY  #16,J00512,C10511n20511,0
PLANT2,CEF_EQP12,2025-04-06 11:18:45.825555,ASSEMBLY  #20,J00513,C10512n20512,0
PLANT3,CEF_EQP13,2025-04-04 11:18:45.825557,ASSEMBLY  #20,J00514,C10513n20513,4
PLANT1,CEF_EQP14,2025-04-09 11:18:45.825558,ASSEMBLY  #16,J00515,C10514n20514,0
PLANT2,CEF_EQP15,2025-04-04 11:18:45.825560,ASSEMBLY  #16,J00516,C10515n20515,0
PLANT2,CEF_EQP16,2025-04-10 11:18:45.825561,ASSEMBLY  #20,J00517,C10516n20516,0
PLANT2,CEF_EQP17,2025-04-04 11:18:45.825563,ASSEMBLY  #19,J00518,C10517n20517,0
PLANT2,CEF_EQP18,2025-04-11 11:18:45.825564,ASSEMBLY  #17,J00519,C10518n20518,0
PLANT1,CEF_EQP19,2025-04-12 11:18:45.825566,ASSEMBLY  #20,J00520,C10519n20519,0
PLANT3,CEF_EQP20,2025-04-13 11:18:45.825567,ASSEMBLY  #18,J00521,C10520n20520,0
PLANT1,CEF_EQP21,2025-04-10 11:18:45.825569,ASSEMBLY  #17,J00522,C10521n20521,0
PLANT1,CEF_EQP22,2025-04-11 11:18:45.825571,ASSEMBLY  #20,J00523,C10522n20522,0
PLANT3,CEF_EQP23,2025-04-09 11:18:45.825572,ASSEMBLY  #18,J00524,C10523n20523,4
PLANT3,CEF_EQP24,2025-04-05 11:18:45.825574,ASSEMBLY  #18,J00525,C10524n20524,0
PLANT3,CEF_EQP25,2025-04-04 11:18:45.825575,ASSEMBLY  #19,J00526,C10525n20525,5
PLANT2,CEF_EQP26,2025-04-13 11:18:45.825577,ASSEMBLY  #19,J00527,C10526n20526,0
PLANT2,CEF_EQP27,2025-04-11 11:18:45.825579,ASSEMBLY  #19,J00528,C10527n20527,0
PLANT1,CEF_EQP28,2025-04-06 11:18:45.825580,ASSEMBLY  #20,J00529,C10528n20528,0
PLANT2,CEF_EQP29,2025-04-05 11:18:45.825582,ASSEMBLY  #19,J00530,C10529n20529,0
PLANT2,CEF_EQP30,2025-04-11 11:18:45.825583,ASSEMBLY  #17,J00531,C10530n20530,0
PLANT1,CEF_EQP31,2025-04-05 11:18:45.825585,ASSEMBLY  #16,J00532,C10531n20531,0
PLANT1,CEF_EQP32,2025-04-04 11:18:45.825586,ASSEMBLY  #17,J00533,C10532n20532,0
PLANT1,CEF_EQP33,2025-04-06 11:18:45.825588,ASSEMBLY  #16,J00534,C10533n20533,4
PLANT3,CEF_EQP34,2025-04-13 11:18:45.825590,ASSEMBLY  #16,J00535,C10534n20534,4
PLANT1,CEF_EQP35,2025-04-10 11:18:45.825591,ASSEMBLY  #16,J00536,C10535n20535,0
PLANT2,CEF_EQP36,2025-04-04 11:18:45.825593,ASSEMBLY  #20,J00537,C10536n20536,0
PLANT3,CEF_EQP37,2025-04-13 11:18:45.825594,ASSEMBLY  #18,J00538,C10537n20537,0
PLANT2,CEF_EQP38,2025-04-03 11:18:45.825596,ASSEMBLY  #20,J00539,C10538n20538,0
PLANT2,CEF_EQP39,2025-04-04 11:18:45.825597,ASSEMBLY  #17,J00540,C10539n20539,0
PLANT2,CEF_EQP40,2025-04-13 11:18:45.825599,ASSEMBLY  #20,J00541,C10540n20540,0
PLANT3,CEF_EQP41,2025-04-11 11:18:45.825600,ASSEMBLY  #17,J00542,C10541n20541,0
PLANT2,CEF_EQP42,2025-04-11 11:18:45.825602,ASSEMBLY  #19,J00543,C10542n20542,4
PLANT2,CEF_EQP43,2025-04-11 11:18:45.825603,ASSEMBLY  #17,J00544,C10543n20543,0
PLANT1,CEF_EQP44,2025-04-11 11:18:45.825605,ASSEMBLY  #19,J00545,C10544n20544,0
PLANT3,CEF_EQP45,2025-04-04 11:18:45.825606,ASSEMBLY  #20,J00546,C10545n20545,0
PLANT1,CEF_EQP46,2025-04-08 11:18:45.825608,ASSEMBLY  #20,J00547,C10546n20546,0
PLANT1,CEF_EQP47,2025-04-06 11:18:45.825609,ASSEMBLY  #19,J00548,C10547n20547,0
PLANT2,CEF_EQP48,2025-04-06 11:18:45.825611,ASSEMBLY  #19,J00549,C10548n20548,0
PLANT3,CEF_EQP49,2025-04-10 11:18:45.825612,ASSEMBLY  #18,J00550,C10549n20549,0
PLANT1,CEF_EQP0,2025-04-08 11:18:45.825614,ASSEMBLY  #16,J00551,C10550n20550,0
PLANT3,CEF_EQP1,2025-04-03 11:18:45.825615,ASSEMBLY  #17,J00552,C10551n20551,0
PLANT3,CEF_EQP2,2025-04-12 11:18:45.825617,ASSEMBLY  #16,J00553,C10552n20552,0
PLANT1,CEF_EQP3,2025-04-09 11:18:45.825618,ASSEMBLY  #17,J00554,C10553n20553,0
PLANT1,CEF_EQP4,2025-04-12 11:18:45.825620,ASSEMBLY  #20,J00555,C10554n20554,0
PLANT3,CEF_EQP5,2025-04-09 11:18:45.825621,ASSEMBLY  #19,J00556,C10555n20555,0
PLANT1,CEF_EQP6,2025-04-12 11:18:45.825623,ASSEMBLY  #16,J00557,C10556n20556,0
PLANT3,CEF_EQP7,2025-04-13 11:18:45.825625,ASSEMBLY  #18,J00558,C10557n20557,0
PLANT1,CEF_EQP8,2025-04-07 11:18:45.825626,ASSEMBLY  #16,J00559,C10558n20558,0
PLANT3,CEF_EQP9,2025-04-11 11:18:45.825628,ASSEMBLY  #17,J00560,C10559n20559,0
PLANT2,CEF_EQP10,2025-04-10 11:18:45.825629,ASSEMBLY  #19,J00561,C10560n20560,0
PLANT1,CEF_EQP11,2025-04-05 11:18:45.825631,ASSEMBLY  #19,J00562,C10561n20561,0
PLANT3,CEF_EQP12,2025-04-05 11:18:45.825632,ASSEMBLY  #17,J00563,C10562n20562,0
PLANT3,CEF_EQP13,2025-04-12 11:18:45.825634,ASSEMBLY  #18,J00564,C10563n20563,0
PLANT3,CEF_EQP14,2025-04-10 11:18:45.825635,ASSEMBLY  #17,J00565,C10564n20564,0
PLANT2,CEF_EQP15,2025-04-04 11:18:45.825637,ASSEMBLY  #20,J00566,C10565n20565,0
PLANT3,CEF_EQP16,2025-04-09 11:18:45.825638,ASSEMBLY  #16,J00567,C10566n20566,0
PLANT2,CEF_EQP17,2025-04-09 11:18:45.825640,ASSEMBLY  #17,J00568,C10567n20567,0
PLANT2,CEF_EQP18,2025-04-06 11:18:45.825641,ASSEMBLY  #18,J00569,C10568n20568,0
PLANT2,CEF_EQP19,2025-04-11 11:18:45.825643,ASSEMBLY  #18,J00570,C10569n20569,0
PLANT2,CEF_EQP20,2025-04-03 11:18:45.825644,ASSEMBLY  #20,J00571,C10570n20570,0
PLANT2,CEF_EQP21,2025-04-13 11:18:45.825646,ASSEMBLY  #19,J00572,C10571n20571,0
PLANT1,CEF_EQP22,2025-04-11 11:18:45.825647,ASSEMBLY  #16,J00573,C10572n20572,0
PLANT2,CEF_EQP23,2025-04-09 11:18:45.825649,ASSEMBLY  #16,J00574,C10573n20573,0
PLANT3,CEF_EQP24,2025-04-06 11:18:45.825650,ASSEMBLY  #16,J00575,C10574n20574,0
PLANT2,CEF_EQP25,2025-04-07 11:18:45.825652,ASSEMBLY  #20,J00576,C10575n20575,0
PLANT2,CEF_EQP26,2025-04-06 11:18:45.825654,ASSEMBLY  #16,J00577,C10576n20576,0
PLANT2,CEF_EQP27,2025-04-08 11:18:45.825655,ASSEMBLY  #16,J00578,C10577n20577,0
PLANT2,CEF_EQP28,2025-04-08 11:18:45.825657,ASSEMBLY  #20,J00579,C10578n20578,0
PLANT1,CEF_EQP29,2025-04-06 11:18:45.825658,ASSEMBLY  #17,J00580,C10579n20579,0
PLANT2,CEF_EQP30,2025-04-12 11:18:45.825660,ASSEMBLY  #19,J00581,C10580n20580,0
PLANT3,CEF_EQP31,2025-04-09 11:18:45.825661,ASSEMBLY  #17,J00582,C10581n20581,0
PLANT2,CEF_EQP32,2025-04-10 11:18:45.825663,ASSEMBLY  #18,J00583,C10582n20582,0
PLANT1,CEF_EQP33,2025-04-04 11:18:45.825665,ASSEMBLY  #17,J00584,C10583n20583,0
PLANT2,CEF_EQP34,2025-04-11 11:18:45.825667,ASSEMBLY  #18,J00585,C10584n20584,0
PLANT3,CEF_EQP35,2025-04-10 11:18:45.825668,ASSEMBLY  #17,J00586,C10585n20585,0
PLANT2,CEF_EQP36,2025-04-03 11:18:45.825670,ASSEMBLY  #18,J00587,C10586n20586,0
PLANT2,CEF_EQP37,2025-04-12 11:18:45.825671,ASSEMBLY  #17,J00588,C10587n20587,4
PLANT3,CEF_EQP38,2025-04-11 11:18:45.825673,ASSEMBLY  #19,J00589,C10588n20588,0
PLANT1,CEF_EQP39,2025-04-08 11:18:45.825674,ASSEMBLY  #16,J00590,C10589n20589,0
PLANT1,CEF_EQP40,2025-04-07 11:18:45.825676,ASSEMBLY  #16,J00591,C10590n20590,0
PLANT3,CEF_EQP41,2025-04-06 11:18:45.825677,ASSEMBLY  #17,J00592,C10591n20591,0
PLANT2,CEF_EQP42,2025-04-13 11:18:45.825679,ASSEMBLY  #17,J00593,C10592n20592,4
PLANT1,CEF_EQP43,2025-04-12 11:18:45.825683,ASSEMBLY  #18,J00594,C10593n20593,0
PLANT3,CEF_EQP44,2025-04-10 11:18:45.825684,ASSEMBLY  #18,J00595,C10594n20594,5
PLANT1,CEF_EQP45,2025-04-13 11:18:45.825686,ASSEMBLY  #17,J00596,C10595n20595,0
PLANT3,CEF_EQP46,2025-04-04 11:18:45.825688,ASSEMBLY  #17,J00597,C10596n20596,0
PLANT3,CEF_EQP47,2025-04-08 11:18:45.825689,ASSEMBLY  #16,J00598,C10597n20597,0
PLANT3,CEF_EQP48,2025-04-04 11:18:45.825691,ASSEMBLY  #19,J00599,C10598n20598,0
PLANT2,CEF_EQP49,2025-04-03 11:18:45.825692,ASSEMBLY  #16,J00600,C10599n20599,0
PLANT1,CEF_EQP0,2025-04-06 11:18:45.825694,ASSEMBLY  #19,J00601,C10600n20600,0
PLANT3,CEF_EQP1,2025-04-07 11:18:45.825696,ASSEMBLY  #18,J00602,C10601n20601,4
PLANT3,CEF_EQP2,2025-04-08 11:18:45.825697,ASSEMBLY  #19,J00603,C10602n20602,0
PLANT3,CEF_EQP3,2025-04-12 11:18:45.825699,ASSEMBLY  #18,J00604,C10603n20603,5
PLANT2,CEF_EQP4,2025-04-07 11:18:45.825700,ASSEMBLY  #17,J00605,C10604n20604,0
PLANT2,CEF_EQP5,2025-04-08 11:18:45.825702,ASSEMBLY  #16,J00606,C10605n20605,0
PLANT3,CEF_EQP6,2025-04-10 11:18:45.825703,ASSEMBLY  #19,J00607,C10606n20606,0
PLANT3,CEF_EQP7,2025-04-04 11:18:45.825705,ASSEMBLY  #20,J00608,C10607n20607,0
PLANT3,CEF_EQP8,2025-04-07 11:18:45.825707,ASSEMBLY  #16,J00609,C10608n20608,4
PLANT3,CEF_EQP9,2025-04-13 11:18:45.825709,ASSEMBLY  #17,J00610,C10609n20609,0
PLANT1,CEF_EQP10,2025-04-07 11:18:45.825710,ASSEMBLY  #17,J00611,C10610n20610,0
PLANT2,CEF_EQP11,2025-04-10 11:18:45.825712,ASSEMBLY  #16,J00612,C10611n20611,0
PLANT1,CEF_EQP12,2025-04-07 11:18:45.825714,ASSEMBLY  #20,J00613,C10612n20612,4
PLANT2,CEF_EQP13,2025-04-07 11:18:45.825715,ASSEMBLY  #19,J00614,C10613n20613,0
PLANT3,CEF_EQP14,2025-04-05 11:18:45.825717,ASSEMBLY  #16,J00615,C10614n20614,5
PLANT1,CEF_EQP15,2025-04-13 11:18:45.825718,ASSEMBLY  #17,J00616,C10615n20615,0
PLANT1,CEF_EQP16,2025-04-12 11:18:45.825720,ASSEMBLY  #16,J00617,C10616n20616,0
PLANT2,CEF_EQP17,2025-04-07 11:18:45.825721,ASSEMBLY  #16,J00618,C10617n20617,0
PLANT1,CEF_EQP18,2025-04-08 11:18:45.825723,ASSEMBLY  #16,J00619,C10618n20618,0
PLANT2,CEF_EQP19,2025-04-03 11:18:45.825725,ASSEMBLY  #16,J00620,C10619n20619,0
PLANT1,CEF_EQP20,2025-04-09 11:18:45.825726,ASSEMBLY  #18,J00621,C10620n20620,0
PLANT1,CEF_EQP21,2025-04-09 11:18:45.825728,ASSEMBLY  #18,J00622,C10621n20621,0
PLANT1,CEF_EQP22,2025-04-03 11:18:45.825729,ASSEMBLY  #17,J00623,C10622n20622,4
PLANT3,CEF_EQP23,2025-04-07 11:18:45.825731,ASSEMBLY  #16,J00624,C10623n20623,0
PLANT2,CEF_EQP24,2025-04-10 11:18:45.825733,ASSEMBLY  #20,J00625,C10624n20624,0
PLANT3,CEF_EQP25,2025-04-05 11:18:45.825734,ASSEMBLY  #20,J00626,C10625n20625,0
PLANT1,CEF_EQP26,2025-04-13 11:18:45.825736,ASSEMBLY  #16,J00627,C10626n20626,4
PLANT2,CEF_EQP27,2025-04-05 11:18:45.825737,ASSEMBLY  #19,J00628,C10627n20627,0
PLANT3,CEF_EQP28,2025-04-05 11:18:45.825738,ASSEMBLY  #20,J00629,C10628n20628,4
PLANT2,CEF_EQP29,2025-04-06 11:18:45.825740,ASSEMBLY  #16,J00630,C10629n20629,0
PLANT3,CEF_EQP30,2025-04-03 11:18:45.825742,ASSEMBLY  #17,J00631,C10630n20630,0
PLANT2,CEF_EQP31,2025-04-06 11:18:45.825743,ASSEMBLY  #18,J00632,C10631n20631,0
PLANT2,CEF_EQP32,2025-04-07 11:18:45.825745,ASSEMBLY  #16,J00633,C10632n20632,0
PLANT3,CEF_EQP33,2025-04-13 11:18:45.825746,ASSEMBLY  #18,J00634,C10633n20633,0
PLANT2,CEF_EQP34,2025-04-04 11:18:45.825747,ASSEMBLY  #17,J00635,C10634n20634,4
PLANT3,CEF_EQP35,2025-04-04 11:18:45.825749,ASSEMBLY  #16,J00636,C10635n20635,4
PLANT2,CEF_EQP36,2025-04-06 11:18:45.825751,ASSEMBLY  #18,J00637,C10636n20636,0
PLANT2,CEF_EQP37,2025-04-06 11:18:45.825752,ASSEMBLY  #20,J00638,C10637n20637,0
PLANT3,CEF_EQP38,2025-04-04 11:18:45.825754,ASSEMBLY  #17,J00639,C10638n20638,0
PLANT2,CEF_EQP39,2025-04-10 11:18:45.825757,ASSEMBLY  #17,J00640,C10639n20639,4
PLANT3,CEF_EQP40,2025-04-13 11:18:45.825760,ASSEMBLY  #17,J00641,C10640n20640,0
PLANT2,CEF_EQP41,2025-04-06 11:18:45.825763,ASSEMBLY  #18,J00642,C10641n20641,0
PLANT3,CEF_EQP42,2025-04-12 11:18:45.825767,ASSEMBLY  #18,J00643,C10642n20642,0
PLANT3,CEF_EQP43,2025-04-08 11:18:45.825770,ASSEMBLY  #17,J00644,C10643n20643,0
PLANT1,CEF_EQP44,2025-04-07 11:18:45.825772,ASSEMBLY  #18,J00645,C10644n20644,0
PLANT2,CEF_EQP45,2025-04-03 11:18:45.825775,ASSEMBLY  #20,J00646,C10645n20645,4
PLANT3,CEF_EQP46,2025-04-03 11:18:45.825778,ASSEMBLY  #20,J00647,C10646n20646,5
PLANT1,CEF_EQP47,2025-04-05 11:18:45.825781,ASSEMBLY  #17,J00648,C10647n20647,0
PLANT2,CEF_EQP48,2025-04-12 11:18:45.825785,ASSEMBLY  #16,J00649,C10648n20648,0
PLANT2,CEF_EQP49,2025-04-05 11:18:45.825795,ASSEMBLY  #18,J00650,C10649n20649,0
PLANT3,CEF_EQP0,2025-04-03 11:18:45.825799,ASSEMBLY  #20,J00651,C10650n20650,0
PLANT3,CEF_EQP1,2025-04-12 11:18:45.825800,ASSEMBLY  #16,J00652,C10651n20651,4
PLANT2,CEF_EQP2,2025-04-04 11:18:45.825802,ASSEMBLY  #17,J00653,C10652n20652,0
PLANT3,CEF_EQP3,2025-04-03 11:18:45.825804,ASSEMBLY  #19,J00654,C10653n20653,0
PLANT1,CEF_EQP4,2025-04-12 11:18:45.825805,ASSEMBLY  #17,J00655,C10654n20654,0
PLANT2,CEF_EQP5,2025-04-07 11:18:45.825807,ASSEMBLY  #20,J00656,C10655n20655,0
PLANT1,CEF_EQP6,2025-04-05 11:18:45.825808,ASSEMBLY  #17,J00657,C10656n20656,0
PLANT1,CEF_EQP7,2025-04-12 11:18:45.825810,ASSEMBLY  #18,J00658,C10657n20657,0
PLANT3,CEF_EQP8,2025-04-06 11:18:45.825811,ASSEMBLY  #19,J00659,C10658n20658,0
PLANT3,CEF_EQP9,2025-04-09 11:18:45.825813,ASSEMBLY  #19,J00660,C10659n20659,0
PLANT1,CEF_EQP10,2025-04-09 11:18:45.825814,ASSEMBLY  #17,J00661,C10660n20660,0
PLANT2,CEF_EQP11,2025-04-11 11:18:45.825816,ASSEMBLY  #19,J00662,C10661n20661,0
PLANT1,CEF_EQP12,2025-04-06 11:18:45.825817,ASSEMBLY  #17,J00663,C10662n20662,0
PLANT1,CEF_EQP13,2025-04-08 11:18:45.825819,ASSEMBLY  #17,J00664,C10663n20663,0
PLANT3,CEF_EQP14,2025-04-09 11:18:45.825820,ASSEMBLY  #16,J00665,C10664n20664,0
PLANT3,CEF_EQP15,2025-04-08 11:18:45.825822,ASSEMBLY  #17,J00666,C10665n20665,4
PLANT1,CEF_EQP16,2025-04-08 11:18:45.825823,ASSEMBLY  #18,J00667,C10666n20666,0
PLANT2,CEF_EQP17,2025-04-04 11:18:45.825825,ASSEMBLY  #16,J00668,C10667n20667,0
PLANT3,CEF_EQP18,2025-04-04 11:18:45.825826,ASSEMBLY  #16,J00669,C10668n20668,5
PLANT2,CEF_EQP19,2025-04-13 11:18:45.825828,ASSEMBLY  #16,J00670,C10669n20669,0
PLANT1,CEF_EQP20,2025-04-12 11:18:45.825829,ASSEMBLY  #20,J00671,C10670n20670,0
PLANT3,CEF_EQP21,2025-04-07 11:18:45.825831,ASSEMBLY  #16,J00672,C10671n20671,0
PLANT2,CEF_EQP22,2025-04-12 11:18:45.825832,ASSEMBLY  #16,J00673,C10672n20672,0
PLANT2,CEF_EQP23,2025-04-05 11:18:45.825834,ASSEMBLY  #19,J00674,C10673n20673,0
PLANT1,CEF_EQP24,2025-04-12 11:18:45.825836,ASSEMBLY  #20,J00675,C10674n20674,0
PLANT2,CEF_EQP25,2025-04-09 11:18:45.825837,ASSEMBLY  #18,J00676,C10675n20675,0
PLANT3,CEF_EQP26,2025-04-03 11:18:45.825839,ASSEMBLY  #19,J00677,C10676n20676,0
PLANT3,CEF_EQP27,2025-04-12 11:18:45.825840,ASSEMBLY  #18,J00678,C10677n20677,0
PLANT1,CEF_EQP28,2025-04-06 11:18:45.825842,ASSEMBLY  #19,J00679,C10678n20678,0
PLANT2,CEF_EQP29,2025-04-05 11:18:45.825843,ASSEMBLY  #16,J00680,C10679n20679,4
PLANT2,CEF_EQP30,2025-04-04 11:18:45.825845,ASSEMBLY  #18,J00681,C10680n20680,0
PLANT1,CEF_EQP31,2025-04-11 11:18:45.825846,ASSEMBLY  #17,J00682,C10681n20681,0
PLANT2,CEF_EQP32,2025-04-13 11:18:45.825848,ASSEMBLY  #17,J00683,C10682n20682,0
PLANT2,CEF_EQP33,2025-04-12 11:18:45.825850,ASSEMBLY  #18,J00684,C10683n20683,0
PLANT2,CEF_EQP34,2025-04-05 11:18:45.825851,ASSEMBLY  #17,J00685,C10684n20684,5
PLANT2,CEF_EQP35,2025-04-03 11:18:45.825853,ASSEMBLY  #19,J00686,C10685n20685,0
PLANT2,CEF_EQP36,2025-04-04 11:18:45.825855,ASSEMBLY  #19,J00687,C10686n20686,0
PLANT1,CEF_EQP37,2025-04-06 11:18:45.825856,ASSEMBLY  #16,J00688,C10687n20687,0
PLANT1,CEF_EQP38,2025-04-06 11:18:45.825858,ASSEMBLY  #19,J00689,C10688n20688,0
PLANT3,CEF_EQP39,2025-04-04 11:18:45.825860,ASSEMBLY  #18,J00690,C10689n20689,0
PLANT3,CEF_EQP40,2025-04-03 11:18:45.825861,ASSEMBLY  #17,J00691,C10690n20690,0
PLANT3,CEF_EQP41,2025-04-04 11:18:45.825863,ASSEMBLY  #20,J00692,C10691n20691,0
PLANT1,CEF_EQP42,2025-04-03 11:18:45.825865,ASSEMBLY  #19,J00693,C10692n20692,0
PLANT3,CEF_EQP43,2025-04-05 11:18:45.825867,ASSEMBLY  #20,J00694,C10693n20693,4
PLANT2,CEF_EQP44,2025-04-04 11:18:45.825869,ASSEMBLY  #20,J00695,C10694n20694,0
PLANT1,CEF_EQP45,2025-04-08 11:18:45.825871,ASSEMBLY  #16,J00696,C10695n20695,4
PLANT3,CEF_EQP46,2025-04-11 11:18:45.825873,ASSEMBLY  #19,J00697,C10696n20696,4
PLANT1,CEF_EQP47,2025-04-09 11:18:45.825874,ASSEMBLY  #17,J00698,C10697n20697,0
PLANT1,CEF_EQP48,2025-04-04 11:18:45.825876,ASSEMBLY  #16,J00699,C10698n20698,0
PLANT2,CEF_EQP49,2025-04-11 11:18:45.825877,ASSEMBLY  #20,J00700,C10699n20699,0
PLANT1,CEF_EQP0,2025-04-08 11:18:45.825879,ASSEMBLY  #20,J00701,C10700n20700,4
PLANT2,CEF_EQP1,2025-04-06 11:18:45.825880,ASSEMBLY  #20,J00702,C10701n20701,4
PLANT3,CEF_EQP2,2025-04-09 11:18:45.825882,ASSEMBLY  #16,J00703,C10702n20702,0
PLANT3,CEF_EQP3,2025-04-04 11:18:45.825883,ASSEMBLY  #20,J00704,C10703n20703,0
PLANT2,CEF_EQP4,2025-04-09 11:18:45.825885,ASSEMBLY  #16,J00705,C10704n20704,0
PLANT2,CEF_EQP5,2025-04-09 11:18:45.825886,ASSEMBLY  #16,J00706,C10705n20705,0
PLANT1,CEF_EQP6,2025-04-08 11:18:45.825888,ASSEMBLY  #17,J00707,C10706n20706,0
PLANT1,CEF_EQP7,2025-04-07 11:18:45.825890,ASSEMBLY  #18,J00708,C10707n20707,0
PLANT2,CEF_EQP8,2025-04-11 11:18:45.825891,ASSEMBLY  #18,J00709,C10708n20708,0
PLANT1,CEF_EQP9,2025-04-10 11:18:45.825893,ASSEMBLY  #16,J00710,C10709n20709,0
PLANT2,CEF_EQP10,2025-04-11 11:18:45.825894,ASSEMBLY  #16,J00711,C10710n20710,4
PLANT3,CEF_EQP11,2025-04-03 11:18:45.825896,ASSEMBLY  #16,J00712,C10711n20711,0
PLANT3,CEF_EQP12,2025-04-03 11:18:45.825898,ASSEMBLY  #18,J00713,C10712n20712,4
PLANT1,CEF_EQP13,2025-04-10 11:18:45.825899,ASSEMBLY  #19,J00714,C10713n20713,0
PLANT3,CEF_EQP14,2025-04-04 11:18:45.825901,ASSEMBLY  #16,J00715,C10714n20714,0
PLANT3,CEF_EQP15,2025-04-05 11:18:45.825902,ASSEMBLY  #18,J00716,C10715n20715,0
PLANT3,CEF_EQP16,2025-04-09 11:18:45.825904,ASSEMBLY  #17,J00717,C10716n20716,0
PLANT3,CEF_EQP17,2025-04-09 11:18:45.825906,ASSEMBLY  #16,J00718,C10717n20717,0
PLANT3,CEF_EQP18,2025-04-11 11:18:45.825909,ASSEMBLY  #16,J00719,C10718n20718,0
PLANT2,CEF_EQP19,2025-04-05 11:18:45.825911,ASSEMBLY  #18,J00720,C10719n20719,4
PLANT2,CEF_EQP20,2025-04-12 11:18:45.825915,ASSEMBLY  #16,J00721,C10720n20720,0
PLANT2,CEF_EQP21,2025-04-07 11:18:45.825918,ASSEMBLY  #17,J00722,C10721n20721,0
PLANT2,CEF_EQP22,2025-04-07 11:18:45.825921,ASSEMBLY  #16,J00723,C10722n20722,0
PLANT2,CEF_EQP23,2025-04-11 11:18:45.825923,ASSEMBLY  #19,J00724,C10723n20723,4
PLANT3,CEF_EQP24,2025-04-03 11:18:45.825926,ASSEMBLY  #18,J00725,C10724n20724,0
PLANT2,CEF_EQP25,2025-04-11 11:18:45.825929,ASSEMBLY  #17,J00726,C10725n20725,0
PLANT3,CEF_EQP26,2025-04-07 11:18:45.825933,ASSEMBLY  #16,J00727,C10726n20726,0
PLANT2,CEF_EQP27,2025-04-07 11:18:45.825936,ASSEMBLY  #18,J00728,C10727n20727,0
PLANT2,CEF_EQP28,2025-04-06 11:18:45.825939,ASSEMBLY  #18,J00729,C10728n20728,0
PLANT3,CEF_EQP29,2025-04-09 11:18:45.825941,ASSEMBLY  #17,J00730,C10729n20729,0
PLANT1,CEF_EQP30,2025-04-13 11:18:45.825943,ASSEMBLY  #17,J00731,C10730n20730,0
PLANT1,CEF_EQP31,2025-04-06 11:18:45.825944,ASSEMBLY  #16,J00732,C10731n20731,0
PLANT2,CEF_EQP32,2025-04-11 11:18:45.825946,ASSEMBLY  #16,J00733,C10732n20732,0
PLANT2,CEF_EQP33,2025-04-09 11:18:45.825948,ASSEMBLY  #20,J00734,C10733n20733,0
PLANT3,CEF_EQP34,2025-04-10 11:18:45.825949,ASSEMBLY  #18,J00735,C10734n20734,0
PLANT2,CEF_EQP35,2025-04-03 11:18:45.825951,ASSEMBLY  #20,J00736,C10735n20735,0
PLANT3,CEF_EQP36,2025-04-12 11:18:45.825952,ASSEMBLY  #17,J00737,C10736n20736,0
PLANT2,CEF_EQP37,2025-04-08 11:18:45.825954,ASSEMBLY  #16,J00738,C10737n20737,0
PLANT1,CEF_EQP38,2025-04-13 11:18:45.825955,ASSEMBLY  #17,J00739,C10738n20738,0
PLANT3,CEF_EQP39,2025-04-09 11:18:45.825957,ASSEMBLY  #20,J00740,C10739n20739,0
PLANT2,CEF_EQP40,2025-04-11 11:18:45.825958,ASSEMBLY  #20,J00741,C10740n20740,0
PLANT3,CEF_EQP41,2025-04-09 11:18:45.825960,ASSEMBLY  #18,J00742,C10741n20741,0
PLANT1,CEF_EQP42,2025-04-04 11:18:45.825961,ASSEMBLY  #16,J00743,C10742n20742,0
PLANT2,CEF_EQP43,2025-04-03 11:18:45.825963,ASSEMBLY  #20,J00744,C10743n20743,0
PLANT1,CEF_EQP44,2025-04-08 11:18:45.825964,ASSEMBLY  #20,J00745,C10744n20744,0
PLANT1,CEF_EQP45,2025-04-08 11:18:45.825966,ASSEMBLY  #19,J00746,C10745n20745,0
PLANT2,CEF_EQP46,2025-04-06 11:18:45.825968,ASSEMBLY  #16,J00747,C10746n20746,0
PLANT1,CEF_EQP47,2025-04-13 11:18:45.825969,ASSEMBLY  #16,J00748,C10747n20747,0
PLANT1,CEF_EQP48,2025-04-13 11:18:45.825971,ASSEMBLY  #20,J00749,C10748n20748,0
PLANT1,CEF_EQP49,2025-04-10 11:18:45.825972,ASSEMBLY  #20,J00750,C10749n20749,0
PLANT3,CEF_EQP0,2025-04-07 11:18:45.825974,ASSEMBLY  #20,J00751,C10750n20750,0
PLANT2,CEF_EQP1,2025-04-04 11:18:45.825975,ASSEMBLY  #19,J00752,C10751n20751,0
PLANT2,CEF_EQP2,2025-04-03 11:18:45.825977,ASSEMBLY  #16,J00753,C10752n20752,0
PLANT2,CEF_EQP3,2025-04-04 11:18:45.825978,ASSEMBLY  #18,J00754,C10753n20753,0
PLANT1,CEF_EQP4,2025-04-13 11:18:45.825980,ASSEMBLY  #17,J00755,C10754n20754,0
PLANT3,CEF_EQP5,2025-04-08 11:18:45.825981,ASSEMBLY  #16,J00756,C10755n20755,0
PLANT2,CEF_EQP6,2025-04-05 11:18:45.825983,ASSEMBLY  #19,J00757,C10756n20756,0
PLANT1,CEF_EQP7,2025-04-12 11:18:45.825984,ASSEMBLY  #17,J00758,C10757n20757,0
PLANT3,CEF_EQP8,2025-04-09 11:18:45.825986,ASSEMBLY  #18,J00759,C10758n20758,0
PLANT1,CEF_EQP9,2025-04-12 11:18:45.825987,ASSEMBLY  #16,J00760,C10759n20759,0
PLANT1,CEF_EQP10,2025-04-03 11:18:45.825989,ASSEMBLY  #20,J00761,C10760n20760,0
PLANT2,CEF_EQP11,2025-04-06 11:18:45.825991,ASSEMBLY  #19,J00762,C10761n20761,0
PLANT1,CEF_EQP12,2025-04-03 11:18:45.825993,ASSEMBLY  #17,J00763,C10762n20762,0
PLANT1,CEF_EQP13,2025-04-05 11:18:45.825995,ASSEMBLY  #16,J00764,C10763n20763,0
PLANT1,CEF_EQP14,2025-04-13 11:18:45.825996,ASSEMBLY  #16,J00765,C10764n20764,0
PLANT2,CEF_EQP15,2025-04-11 11:18:45.825998,ASSEMBLY  #18,J00766,C10765n20765,0
PLANT1,CEF_EQP16,2025-04-10 11:18:45.825999,ASSEMBLY  #20,J00767,C10766n20766,0
PLANT2,CEF_EQP17,2025-04-11 11:18:45.826001,ASSEMBLY  #16,J00768,C10767n20767,0
PLANT1,CEF_EQP18,2025-04-12 11:18:45.826003,ASSEMBLY  #17,J00769,C10768n20768,4
PLANT3,CEF_EQP19,2025-04-09 11:18:45.826004,ASSEMBLY  #16,J00770,C10769n20769,0
PLANT2,CEF_EQP20,2025-04-12 11:18:45.826006,ASSEMBLY  #18,J00771,C10770n20770,0
PLANT1,CEF_EQP21,2025-04-04 11:18:45.826007,ASSEMBLY  #16,J00772,C10771n20771,4
PLANT3,CEF_EQP22,2025-04-11 11:18:45.826009,ASSEMBLY  #20,J00773,C10772n20772,5
PLANT2,CEF_EQP23,2025-04-13 11:18:45.826010,ASSEMBLY  #19,J00774,C10773n20773,0
PLANT2,CEF_EQP24,2025-04-04 11:18:45.826012,ASSEMBLY  #20,J00775,C10774n20774,0
PLANT1,CEF_EQP25,2025-04-13 11:18:45.826014,ASSEMBLY  #19,J00776,C10775n20775,0
PLANT2,CEF_EQP26,2025-04-07 11:18:45.826015,ASSEMBLY  #16,J00777,C10776n20776,0
PLANT1,CEF_EQP27,2025-04-09 11:18:45.826017,ASSEMBLY  #16,J00778,C10777n20777,0
PLANT2,CEF_EQP28,2025-04-07 11:18:45.826018,ASSEMBLY  #17,J00779,C10778n20778,4
PLANT1,CEF_EQP29,2025-04-11 11:18:45.826020,ASSEMBLY  #19,J00780,C10779n20779,0
PLANT2,CEF_EQP30,2025-04-09 11:18:45.826022,ASSEMBLY  #17,J00781,C10780n20780,0
PLANT3,CEF_EQP31,2025-04-08 11:18:45.826023,ASSEMBLY  #19,J00782,C10781n20781,0
PLANT2,CEF_EQP32,2025-04-04 11:18:45.826025,ASSEMBLY  #17,J00783,C10782n20782,0
PLANT1,CEF_EQP33,2025-04-04 11:18:45.826026,ASSEMBLY  #18,J00784,C10783n20783,0
PLANT1,CEF_EQP34,2025-04-07 11:18:45.826028,ASSEMBLY  #19,J00785,C10784n20784,0
PLANT3,CEF_EQP35,2025-04-10 11:18:45.826029,ASSEMBLY  #19,J00786,C10785n20785,0
PLANT2,CEF_EQP36,2025-04-11 11:18:45.826031,ASSEMBLY  #16,J00787,C10786n20786,0
PLANT2,CEF_EQP37,2025-04-07 11:18:45.826032,ASSEMBLY  #18,J00788,C10787n20787,5
PLANT3,CEF_EQP38,2025-04-08 11:18:45.826034,ASSEMBLY  #18,J00789,C10788n20788,0
PLANT2,CEF_EQP39,2025-04-09 11:18:45.826035,ASSEMBLY  #20,J00790,C10789n20789,0
PLANT1,CEF_EQP40,2025-04-05 11:18:45.826037,ASSEMBLY  #19,J00791,C10790n20790,0
PLANT3,CEF_EQP41,2025-04-12 11:18:45.826038,ASSEMBLY  #20,J00792,C10791n20791,0
PLANT3,CEF_EQP42,2025-04-03 11:18:45.826040,ASSEMBLY  #18,J00793,C10792n20792,5
PLANT3,CEF_EQP43,2025-04-06 11:18:45.826042,ASSEMBLY  #16,J00794,C10793n20793,0
PLANT3,CEF_EQP44,2025-04-13 11:18:45.826043,ASSEMBLY  #18,J00795,C10794n20794,0
PLANT3,CEF_EQP45,2025-04-08 11:18:45.826045,ASSEMBLY  #16,J00796,C10795n20795,0
PLANT1,CEF_EQP46,2025-04-05 11:18:45.826046,ASSEMBLY  #17,J00797,C10796n20796,0
PLANT2,CEF_EQP47,2025-04-07 11:18:45.826048,ASSEMBLY  #18,J00798,C10797n20797,0
PLANT1,CEF_EQP48,2025-04-11 11:18:45.826050,ASSEMBLY  #19,J00799,C10798n20798,4
PLANT3,CEF_EQP49,2025-04-03 11:18:45.826051,ASSEMBLY  #19,J00800,C10799n20799,0
PLANT3,CEF_EQP0,2025-04-10 11:18:45.826053,ASSEMBLY  #18,J00801,C10800n20800,0
PLANT2,CEF_EQP1,2025-04-03 11:18:45.826055,ASSEMBLY  #20,J00802,C10801n20801,0
PLANT2,CEF_EQP2,2025-04-13 11:18:45.826056,ASSEMBLY  #18,J00803,C10802n20802,0
PLANT3,CEF_EQP3,2025-04-07 11:18:45.826058,ASSEMBLY  #20,J00804,C10803n20803,0
PLANT1,CEF_EQP4,2025-04-13 11:18:45.826059,ASSEMBLY  #18,J00805,C10804n20804,0
PLANT1,CEF_EQP5,2025-04-03 11:18:45.826061,ASSEMBLY  #18,J00806,C10805n20805,0
PLANT2,CEF_EQP6,2025-04-10 11:18:45.826062,ASSEMBLY  #19,J00807,C10806n20806,0
PLANT2,CEF_EQP7,2025-04-11 11:18:45.826064,ASSEMBLY  #16,J00808,C10807n20807,0
PLANT2,CEF_EQP8,2025-04-12 11:18:45.826065,ASSEMBLY  #19,J00809,C10808n20808,0
PLANT1,CEF_EQP9,2025-04-06 11:18:45.826067,ASSEMBLY  #17,J00810,C10809n20809,0
PLANT3,CEF_EQP10,2025-04-09 11:18:45.826068,ASSEMBLY  #19,J00811,C10810n20810,0
PLANT1,CEF_EQP11,2025-04-06 11:18:45.826070,ASSEMBLY  #19,J00812,C10811n20811,0
PLANT1,CEF_EQP12,2025-04-05 11:18:45.826071,ASSEMBLY  #17,J00813,C10812n20812,0
PLANT2,CEF_EQP13,2025-04-10 11:18:45.826073,ASSEMBLY  #17,J00814,C10813n20813,0
PLANT3,CEF_EQP14,2025-04-11 11:18:45.826074,ASSEMBLY  #17,J00815,C10814n20814,5
PLANT3,CEF_EQP15,2025-04-12 11:18:45.826076,ASSEMBLY  #19,J00816,C10815n20815,0
PLANT2,CEF_EQP16,2025-04-13 11:18:45.826077,ASSEMBLY  #17,J00817,C10816n20816,0
PLANT3,CEF_EQP17,2025-04-03 11:18:45.826079,ASSEMBLY  #17,J00818,C10817n20817,0
PLANT3,CEF_EQP18,2025-04-04 11:18:45.826080,ASSEMBLY  #16,J00819,C10818n20818,0
PLANT3,CEF_EQP19,2025-04-08 11:18:45.826082,ASSEMBLY  #18,J00820,C10819n20819,0
PLANT3,CEF_EQP20,2025-04-05 11:18:45.826083,ASSEMBLY  #20,J00821,C10820n20820,0
PLANT1,CEF_EQP21,2025-04-11 11:18:45.826085,ASSEMBLY  #20,J00822,C10821n20821,0
PLANT3,CEF_EQP22,2025-04-09 11:18:45.826086,ASSEMBLY  #16,J00823,C10822n20822,0
PLANT1,CEF_EQP23,2025-04-06 11:18:45.826088,ASSEMBLY  #17,J00824,C10823n20823,0
PLANT3,CEF_EQP24,2025-04-03 11:18:45.826089,ASSEMBLY  #18,J00825,C10824n20824,0
PLANT2,CEF_EQP25,2025-04-09 11:18:45.826091,ASSEMBLY  #17,J00826,C10825n20825,0
PLANT3,CEF_EQP26,2025-04-13 11:18:45.826093,ASSEMBLY  #19,J00827,C10826n20826,0
PLANT2,CEF_EQP27,2025-04-03 11:18:45.826094,ASSEMBLY  #16,J00828,C10827n20827,0
PLANT3,CEF_EQP28,2025-04-13 11:18:45.826096,ASSEMBLY  #20,J00829,C10828n20828,0
PLANT3,CEF_EQP29,2025-04-04 11:18:45.826097,ASSEMBLY  #19,J00830,C10829n20829,4
PLANT2,CEF_EQP30,2025-04-03 11:18:45.826099,ASSEMBLY  #16,J00831,C10830n20830,0
PLANT2,CEF_EQP31,2025-04-04 11:18:45.826100,ASSEMBLY  #17,J00832,C10831n20831,0
PLANT3,CEF_EQP32,2025-04-11 11:18:45.826102,ASSEMBLY  #20,J00833,C10832n20832,5
PLANT2,CEF_EQP33,2025-04-07 11:18:45.826105,ASSEMBLY  #17,J00834,C10833n20833,0
PLANT1,CEF_EQP34,2025-04-10 11:18:45.826108,ASSEMBLY  #18,J00835,C10834n20834,0
PLANT3,CEF_EQP35,2025-04-12 11:18:45.826111,ASSEMBLY  #18,J00836,C10835n20835,0
PLANT3,CEF_EQP36,2025-04-07 11:18:45.826114,ASSEMBLY  #17,J00837,C10836n20836,0
PLANT2,CEF_EQP37,2025-04-10 11:18:45.826129,ASSEMBLY  #19,J00838,C10837n20837,0
PLANT3,CEF_EQP38,2025-04-12 11:18:45.826132,ASSEMBLY  #16,J00839,C10838n20838,0
PLANT2,CEF_EQP39,2025-04-11 11:18:45.826137,ASSEMBLY  #19,J00840,C10839n20839,0
PLANT2,CEF_EQP40,2025-04-09 11:18:45.826138,ASSEMBLY  #16,J00841,C10840n20840,0
PLANT2,CEF_EQP41,2025-04-06 11:18:45.826140,ASSEMBLY  #20,J00842,C10841n20841,0
PLANT3,CEF_EQP42,2025-04-10 11:18:45.826141,ASSEMBLY  #16,J00843,C10842n20842,0
PLANT2,CEF_EQP43,2025-04-12 11:18:45.826143,ASSEMBLY  #20,J00844,C10843n20843,0
PLANT1,CEF_EQP44,2025-04-10 11:18:45.826145,ASSEMBLY  #18,J00845,C10844n20844,0
PLANT3,CEF_EQP45,2025-04-11 11:18:45.826146,ASSEMBLY  #17,J00846,C10845n20845,0
PLANT2,CEF_EQP46,2025-04-07 11:18:45.826148,ASSEMBLY  #18,J00847,C10846n20846,0
PLANT2,CEF_EQP47,2025-04-08 11:18:45.826149,ASSEMBLY  #19,J00848,C10847n20847,4
PLANT2,CEF_EQP48,2025-04-11 11:18:45.826151,ASSEMBLY  #19,J00849,C10848n20848,0
PLANT1,CEF_EQP49,2025-04-03 11:18:45.826152,ASSEMBLY  #16,J00850,C10849n20849,0
PLANT2,CEF_EQP0,2025-04-04 11:18:45.826154,ASSEMBLY  #17,J00851,C10850n20850,0
PLANT1,CEF_EQP1,2025-04-08 11:18:45.826155,ASSEMBLY  #20,J00852,C10851n20851,0
PLANT2,CEF_EQP2,2025-04-10 11:18:45.826157,ASSEMBLY  #16,J00853,C10852n20852,0
PLANT2,CEF_EQP3,2025-04-07 11:18:45.826158,ASSEMBLY  #17,J00854,C10853n20853,0
PLANT1,CEF_EQP4,2025-04-13 11:18:45.826160,ASSEMBLY  #20,J00855,C10854n20854,0
PLANT1,CEF_EQP5,2025-04-04 11:18:45.826162,ASSEMBLY  #18,J00856,C10855n20855,0
PLANT1,CEF_EQP6,2025-04-09 11:18:45.826163,ASSEMBLY  #16,J00857,C10856n20856,5
PLANT2,CEF_EQP7,2025-04-07 11:18:45.826165,ASSEMBLY  #20,J00858,C10857n20857,0
PLANT3,CEF_EQP8,2025-04-13 11:18:45.826166,ASSEMBLY  #17,J00859,C10858n20858,0
PLANT3,CEF_EQP9,2025-04-08 11:18:45.826168,ASSEMBLY  #18,J00860,C10859n20859,0
PLANT3,CEF_EQP10,2025-04-08 11:18:45.826169,ASSEMBLY  #19,J00861,C10860n20860,0
PLANT1,CEF_EQP11,2025-04-05 11:18:45.826173,ASSEMBLY  #16,J00862,C10861n20861,0
PLANT1,CEF_EQP12,2025-04-13 11:18:45.826175,ASSEMBLY  #20,J00863,C10862n20862,0
PLANT3,CEF_EQP13,2025-04-06 11:18:45.826176,ASSEMBLY  #19,J00864,C10863n20863,0
PLANT3,CEF_EQP14,2025-04-08 11:18:45.826178,ASSEMBLY  #18,J00865,C10864n20864,0
PLANT1,CEF_EQP15,2025-04-13 11:18:45.826179,ASSEMBLY  #19,J00866,C10865n20865,0
PLANT3,CEF_EQP16,2025-04-10 11:18:45.826181,ASSEMBLY  #17,J00867,C10866n20866,0
PLANT2,CEF_EQP17,2025-04-09 11:18:45.826182,ASSEMBLY  #18,J00868,C10867n20867,0
PLANT3,CEF_EQP18,2025-04-11 11:18:45.826184,ASSEMBLY  #17,J00869,C10868n20868,5
PLANT1,CEF_EQP19,2025-04-06 11:18:45.826185,ASSEMBLY  #18,J00870,C10869n20869,0
PLANT3,CEF_EQP20,2025-04-09 11:18:45.826187,ASSEMBLY  #20,J00871,C10870n20870,0
PLANT1,CEF_EQP21,2025-04-12 11:18:45.826188,ASSEMBLY  #16,J00872,C10871n20871,0
PLANT1,CEF_EQP22,2025-04-11 11:18:45.826190,ASSEMBLY  #18,J00873,C10872n20872,0
PLANT2,CEF_EQP23,2025-04-05 11:18:45.826192,ASSEMBLY  #18,J00874,C10873n20873,0
PLANT1,CEF_EQP24,2025-04-05 11:18:45.826193,ASSEMBLY  #17,J00875,C10874n20874,0
PLANT3,CEF_EQP25,2025-04-04 11:18:45.826195,ASSEMBLY  #20,J00876,C10875n20875,0
PLANT2,CEF_EQP26,2025-04-06 11:18:45.826196,ASSEMBLY  #18,J00877,C10876n20876,0
PLANT3,CEF_EQP27,2025-04-08 11:18:45.826198,ASSEMBLY  #16,J00878,C10877n20877,0
PLANT1,CEF_EQP28,2025-04-09 11:18:45.826199,ASSEMBLY  #17,J00879,C10878n20878,0
PLANT2,CEF_EQP29,2025-04-10 11:18:45.826201,ASSEMBLY  #19,J00880,C10879n20879,0
PLANT3,CEF_EQP30,2025-04-03 11:18:45.826202,ASSEMBLY  #18,J00881,C10880n20880,0
PLANT1,CEF_EQP31,2025-04-06 11:18:45.826204,ASSEMBLY  #20,J00882,C10881n20881,0
PLANT2,CEF_EQP32,2025-04-04 11:18:45.826206,ASSEMBLY  #19,J00883,C10882n20882,0
PLANT1,CEF_EQP33,2025-04-08 11:18:45.826207,ASSEMBLY  #18,J00884,C10883n20883,0
PLANT2,CEF_EQP34,2025-04-12 11:18:45.826209,ASSEMBLY  #17,J00885,C10884n20884,0
PLANT3,CEF_EQP35,2025-04-06 11:18:45.826210,ASSEMBLY  #16,J00886,C10885n20885,0
PLANT3,CEF_EQP36,2025-04-06 11:18:45.826212,ASSEMBLY  #19,J00887,C10886n20886,0
PLANT3,CEF_EQP37,2025-04-08 11:18:45.826214,ASSEMBLY  #17,J00888,C10887n20887,0
PLANT3,CEF_EQP38,2025-04-04 11:18:45.826215,ASSEMBLY  #18,J00889,C10888n20888,0
PLANT3,CEF_EQP39,2025-04-11 11:18:45.826216,ASSEMBLY  #19,J00890,C10889n20889,0
PLANT2,CEF_EQP40,2025-04-13 11:18:45.826218,ASSEMBLY  #17,J00891,C10890n20890,0
PLANT3,CEF_EQP41,2025-04-10 11:18:45.826219,ASSEMBLY  #18,J00892,C10891n20891,0
PLANT3,CEF_EQP42,2025-04-10 11:18:45.826222,ASSEMBLY  #16,J00893,C10892n20892,0
PLANT1,CEF_EQP43,2025-04-03 11:18:45.826224,ASSEMBLY  #19,J00894,C10893n20893,0
PLANT3,CEF_EQP44,2025-04-03 11:18:45.826225,ASSEMBLY  #17,J00895,C10894n20894,0
PLANT2,CEF_EQP45,2025-04-04 11:18:45.826227,ASSEMBLY  #16,J00896,C10895n20895,0
PLANT1,CEF_EQP46,2025-04-04 11:18:45.826229,ASSEMBLY  #20,J00897,C10896n20896,0
PLANT2,CEF_EQP47,2025-04-11 11:18:45.826230,ASSEMBLY  #18,J00898,C10897n20897,0
PLANT3,CEF_EQP48,2025-04-10 11:18:45.826232,ASSEMBLY  #19,J00899,C10898n20898,0
PLANT2,CEF_EQP49,2025-04-10 11:18:45.826233,ASSEMBLY  #17,J00900,C10899n20899,0
PLANT1,CEF_EQP0,2025-04-13 11:18:45.826235,ASSEMBLY  #20,J00901,C10900n20900,4
PLANT2,CEF_EQP1,2025-04-09 11:18:45.826236,ASSEMBLY  #19,J00902,C10901n20901,0
PLANT3,CEF_EQP2,2025-04-06 11:18:45.826238,ASSEMBLY  #19,J00903,C10902n20902,0
PLANT1,CEF_EQP3,2025-04-08 11:18:45.826239,ASSEMBLY  #19,J00904,C10903n20903,0
PLANT3,CEF_EQP4,2025-04-05 11:18:45.826241,ASSEMBLY  #17,J00905,C10904n20904,0
PLANT2,CEF_EQP5,2025-04-04 11:18:45.826243,ASSEMBLY  #18,J00906,C10905n20905,4
PLANT2,CEF_EQP6,2025-04-13 11:18:45.826244,ASSEMBLY  #17,J00907,C10906n20906,0
PLANT2,CEF_EQP7,2025-04-12 11:18:45.826245,ASSEMBLY  #16,J00908,C10907n20907,0
PLANT3,CEF_EQP8,2025-04-04 11:18:45.826247,ASSEMBLY  #19,J00909,C10908n20908,0
PLANT2,CEF_EQP9,2025-04-05 11:18:45.826248,ASSEMBLY  #16,J00910,C10909n20909,0
PLANT2,CEF_EQP10,2025-04-10 11:18:45.826250,ASSEMBLY  #17,J00911,C10910n20910,0
PLANT2,CEF_EQP11,2025-04-09 11:18:45.826252,ASSEMBLY  #20,J00912,C10911n20911,0
PLANT2,CEF_EQP12,2025-04-06 11:18:45.826253,ASSEMBLY  #16,J00913,C10912n20912,0
PLANT3,CEF_EQP13,2025-04-05 11:18:45.826255,ASSEMBLY  #19,J00914,C10913n20913,0
PLANT3,CEF_EQP14,2025-04-03 11:18:45.826256,ASSEMBLY  #16,J00915,C10914n20914,0
PLANT1,CEF_EQP15,2025-04-04 11:18:45.826258,ASSEMBLY  #20,J00916,C10915n20915,0
PLANT1,CEF_EQP16,2025-04-12 11:18:45.826259,ASSEMBLY  #20,J00917,C10916n20916,0
PLANT3,CEF_EQP17,2025-04-06 11:18:45.826261,ASSEMBLY  #19,J00918,C10917n20917,0
PLANT3,CEF_EQP18,2025-04-13 11:18:45.826262,ASSEMBLY  #17,J00919,C10918n20918,0
PLANT3,CEF_EQP19,2025-04-11 11:18:45.826264,ASSEMBLY  #17,J00920,C10919n20919,5
PLANT2,CEF_EQP20,2025-04-09 11:18:45.826265,ASSEMBLY  #16,J00921,C10920n20920,0
PLANT3,CEF_EQP21,2025-04-08 11:18:45.826267,ASSEMBLY  #18,J00922,C10921n20921,0
PLANT2,CEF_EQP22,2025-04-05 11:18:45.826268,ASSEMBLY  #20,J00923,C10922n20922,0
PLANT2,CEF_EQP23,2025-04-11 11:18:45.826270,ASSEMBLY  #18,J00924,C10923n20923,0
PLANT3,CEF_EQP24,2025-04-09 11:18:45.826272,ASSEMBLY  #17,J00925,C10924n20924,0
PLANT1,CEF_EQP25,2025-04-11 11:18:45.826273,ASSEMBLY  #20,J00926,C10925n20925,0
PLANT2,CEF_EQP26,2025-04-08 11:18:45.826275,ASSEMBLY  #18,J00927,C10926n20926,0
PLANT3,CEF_EQP27,2025-04-09 11:18:45.826276,ASSEMBLY  #16,J00928,C10927n20927,0
PLANT1,CEF_EQP28,2025-04-07 11:18:45.826278,ASSEMBLY  #20,J00929,C10928n20928,0
PLANT3,CEF_EQP29,2025-04-13 11:18:45.826280,ASSEMBLY  #20,J00930,C10929n20929,0
PLANT3,CEF_EQP30,2025-04-04 11:18:45.826281,ASSEMBLY  #17,J00931,C10930n20930,0
PLANT2,CEF_EQP31,2025-04-12 11:18:45.826283,ASSEMBLY  #16,J00932,C10931n20931,4
PLANT1,CEF_EQP32,2025-04-04 11:18:45.826284,ASSEMBLY  #16,J00933,C10932n20932,0
PLANT2,CEF_EQP33,2025-04-04 11:18:45.826286,ASSEMBLY  #17,J00934,C10933n20933,0
PLANT1,CEF_EQP34,2025-04-08 11:18:45.826287,ASSEMBLY  #18,J00935,C10934n20934,5
PLANT3,CEF_EQP35,2025-04-03 11:18:45.826289,ASSEMBLY  #19,J00936,C10935n20935,4
PLANT2,CEF_EQP36,2025-04-13 11:18:45.826290,ASSEMBLY  #16,J00937,C10936n20936,0
PLANT3,CEF_EQP37,2025-04-12 11:18:45.826292,ASSEMBLY  #16,J00938,C10937n20937,0
PLANT1,CEF_EQP38,2025-04-13 11:18:45.826293,ASSEMBLY  #17,J00939,C10938n20938,0
PLANT2,CEF_EQP39,2025-04-03 11:18:45.826295,ASSEMBLY  #16,J00940,C10939n20939,0
PLANT3,CEF_EQP40,2025-04-11 11:18:45.826296,ASSEMBLY  #17,J00941,C10940n20940,0
PLANT2,CEF_EQP41,2025-04-11 11:18:45.826298,ASSEMBLY  #18,J00942,C10941n20941,0
PLANT1,CEF_EQP42,2025-04-11 11:18:45.826299,ASSEMBLY  #18,J00943,C10942n20942,0
PLANT3,CEF_EQP43,2025-04-04 11:18:45.826301,ASSEMBLY  #18,J00944,C10943n20943,0
PLANT3,CEF_EQP44,2025-04-07 11:18:45.826302,ASSEMBLY  #18,J00945,C10944n20944,0
PLANT3,CEF_EQP45,2025-04-12 11:18:45.826304,ASSEMBLY  #19,J00946,C10945n20945,0
PLANT3,CEF_EQP46,2025-04-03 11:18:45.826305,ASSEMBLY  #19,J00947,C10946n20946,0
PLANT1,CEF_EQP47,2025-04-06 11:18:45.826307,ASSEMBLY  #18,J00948,C10947n20947,0
PLANT1,CEF_EQP48,2025-04-11 11:18:45.826308,ASSEMBLY  #16,J00949,C10948n20948,4
PLANT2,CEF_EQP49,2025-04-10 11:18:45.826310,ASSEMBLY  #18,J00950,C10949n20949,0
PLANT1,CEF_EQP0,2025-04-06 11:18:45.826311,ASSEMBLY  #16,J00951,C10950n20950,5
PLANT2,CEF_EQP1,2025-04-06 11:18:45.826313,ASSEMBLY  #19,J00952,C10951n20951,0
PLANT1,CEF_EQP2,2025-04-04 11:18:45.826314,ASSEMBLY  #19,J00953,C10952n20952,0
PLANT2,CEF_EQP3,2025-04-12 11:18:45.826316,ASSEMBLY  #19,J00954,C10953n20953,0
PLANT1,CEF_EQP4,2025-04-06 11:18:45.826318,ASSEMBLY  #18,J00955,C10954n20954,0
PLANT1,CEF_EQP5,2025-04-10 11:18:45.826319,ASSEMBLY  #20,J00956,C10955n20955,0
PLANT2,CEF_EQP6,2025-04-10 11:18:45.826321,ASSEMBLY  #17,J00957,C10956n20956,4
PLANT1,CEF_EQP7,2025-04-06 11:18:45.826322,ASSEMBLY  #17,J00958,C10957n20957,0
PLANT1,CEF_EQP8,2025-04-09 11:18:45.826324,ASSEMBLY  #16,J00959,C10958n20958,4
PLANT2,CEF_EQP9,2025-04-10 11:18:45.826325,ASSEMBLY  #16,J00960,C10959n20959,0
PLANT2,CEF_EQP10,2025-04-06 11:18:45.826327,ASSEMBLY  #19,J00961,C10960n20960,0
PLANT2,CEF_EQP11,2025-04-11 11:18:45.826328,ASSEMBLY  #16,J00962,C10961n20961,0
PLANT2,CEF_EQP12,2025-04-11 11:18:45.826330,ASSEMBLY  #16,J00963,C10962n20962,0
PLANT2,CEF_EQP13,2025-04-05 11:18:45.826331,ASSEMBLY  #16,J00964,C10963n20963,0
PLANT2,CEF_EQP14,2025-04-09 11:18:45.826333,ASSEMBLY  #16,J00965,C10964n20964,0
PLANT2,CEF_EQP15,2025-04-08 11:18:45.826334,ASSEMBLY  #19,J00966,C10965n20965,0
PLANT1,CEF_EQP16,2025-04-08 11:18:45.826336,ASSEMBLY  #17,J00967,C10966n20966,4
PLANT1,CEF_EQP17,2025-04-12 11:18:45.826337,ASSEMBLY  #19,J00968,C10967n20967,0
PLANT2,CEF_EQP18,2025-04-09 11:18:45.826339,ASSEMBLY  #16,J00969,C10968n20968,0
PLANT3,CEF_EQP19,2025-04-12 11:18:45.826340,ASSEMBLY  #19,J00970,C10969n20969,0
PLANT1,CEF_EQP20,2025-04-13 11:18:45.826342,ASSEMBLY  #17,J00971,C10970n20970,0
PLANT1,CEF_EQP21,2025-04-07 11:18:45.826343,ASSEMBLY  #20,J00972,C10971n20971,0
PLANT3,CEF_EQP22,2025-04-13 11:18:45.826345,ASSEMBLY  #18,J00973,C10972n20972,0
PLANT3,CEF_EQP23,2025-04-13 11:18:45.826348,ASSEMBLY  #18,J00974,C10973n20973,0
PLANT2,CEF_EQP24,2025-04-06 11:18:45.826350,ASSEMBLY  #20,J00975,C10974n20974,0
PLANT1,CEF_EQP25,2025-04-10 11:18:45.826351,ASSEMBLY  #18,J00976,C10975n20975,0
PLANT2,CEF_EQP26,2025-04-08 11:18:45.826353,ASSEMBLY  #20,J00977,C10976n20976,0
PLANT3,CEF_EQP27,2025-04-06 11:18:45.826355,ASSEMBLY  #17,J00978,C10977n20977,0
PLANT1,CEF_EQP28,2025-04-12 11:18:45.826357,ASSEMBLY  #19,J00979,C10978n20978,0
PLANT2,CEF_EQP29,2025-04-03 11:18:45.826358,ASSEMBLY  #18,J00980,C10979n20979,0
PLANT1,CEF_EQP30,2025-04-07 11:18:45.826360,ASSEMBLY  #20,J00981,C10980n20980,0
PLANT3,CEF_EQP31,2025-04-03 11:18:45.826362,ASSEMBLY  #18,J00982,C10981n20981,4
PLANT3,CEF_EQP32,2025-04-10 11:18:45.826363,ASSEMBLY  #18,J00983,C10982n20982,0
PLANT3,CEF_EQP33,2025-04-11 11:18:45.826365,ASSEMBLY  #18,J00984,C10983n20983,0
PLANT1,CEF_EQP34,2025-04-05 11:18:45.826367,ASSEMBLY  #16,J00985,C10984n20984,0
PLANT2,CEF_EQP35,2025-04-05 11:18:45.826368,ASSEMBLY  #17,J00986,C10985n20985,0
PLANT1,CEF_EQP36,2025-04-05 11:18:45.826370,ASSEMBLY  #19,J00987,C10986n20986,0
PLANT2,CEF_EQP37,2025-04-11 11:18:45.826372,ASSEMBLY  #18,J00988,C10987n20987,0
PLANT2,CEF_EQP38,2025-04-04 11:18:45.826373,ASSEMBLY  #20,J00989,C10988n20988,0
PLANT1,CEF_EQP39,2025-04-06 11:18:45.826375,ASSEMBLY  #19,J00990,C10989n20989,0
PLANT3,CEF_EQP40,2025-04-03 11:18:45.826377,ASSEMBLY  #17,J00991,C10990n20990,0
PLANT1,CEF_EQP41,2025-04-10 11:18:45.826378,ASSEMBLY  #19,J00992,C10991n20991,0
PLANT1,CEF_EQP42,2025-04-05 11:18:45.826380,ASSEMBLY  #19,J00993,C10992n20992,4
PLANT1,CEF_EQP43,2025-04-03 11:18:45.826382,ASSEMBLY  #16,J00994,C10993n20993,0
PLANT2,CEF_EQP44,2025-04-10 11:18:45.826384,ASSEMBLY  #18,J00995,C10994n20994,0
PLANT3,CEF_EQP45,2025-04-04 11:18:45.826385,ASSEMBLY  #19,J00996,C10995n20995,0
PLANT2,CEF_EQP46,2025-04-07 11:18:45.826387,ASSEMBLY  #20,J00997,C10996n20996,0
PLANT2,CEF_EQP47,2025-04-11 11:18:45.826389,ASSEMBLY  #16,J00998,C10997n20997,5
PLANT1,CEF_EQP48,2025-04-07 11:18:45.826390,ASSEMBLY  #20,J00999,C10998n20998,0
PLANT2,CEF_EQP49,2025-04-05 11:18:45.826392,ASSEMBLY  #18,J01000,C10999n20999,0
