proc_nm,wk_end_dtms,eqp_nm,wind_id,jero_id
Winding,2025-04-03 11:21:13.887039,WINDER001,W00001,J00001
Winding,2025-04-12 11:21:13.887056,WINDER012,W00002,J00002
Winding,2025-04-12 11:21:13.887060,WINDER006,W00003,J00003
Winding,2025-04-11 11:21:13.887063,WINDER008,W00004,J00004
Winding,2025-04-03 11:21:13.887066,WINDER012,W00005,J00005
Winding,2025-04-06 11:21:13.887069,WINDER016,W00006,J00006
Winding,2025-04-07 11:21:13.887073,WINDER011,W00007,J00007
Winding,2025-04-04 11:21:13.887077,WINDER020,W00008,J00008
Winding,2025-04-09 11:21:13.887081,WINDER005,W00009,J00009
Winding,2025-04-05 11:21:13.887085,WINDER006,W00010,J00010
Winding,2025-04-07 11:21:13.887087,WINDER005,W00011,J00011
Winding,2025-04-08 11:21:13.887088,WINDER012,W00012,J00012
Winding,2025-04-07 11:21:13.887090,WINDER007,W00013,J00013
Winding,2025-04-07 11:21:13.887092,WINDER019,W00014,J00014
Winding,2025-04-03 11:21:13.887093,WINDER014,W00015,J00015
Winding,2025-04-11 11:21:13.887095,WINDER003,W00016,J00016
Winding,2025-04-06 11:21:13.887096,WINDER005,W00017,J00017
Winding,2025-04-05 11:21:13.887098,WINDER006,W00018,J00018
Winding,2025-04-12 11:21:13.887099,WINDER001,W00019,J00019
Winding,2025-04-05 11:21:13.887101,WINDER002,W00020,J00020
Winding,2025-04-03 11:21:13.887103,WINDER020,W00021,J00021
Winding,2025-04-10 11:21:13.887104,WINDER001,W00022,J00022
Winding,2025-04-05 11:21:13.887106,WINDER009,W00023,J00023
Winding,2025-04-08 11:21:13.887107,WINDER007,W00024,J00024
Winding,2025-04-09 11:21:13.887109,WINDER003,W00025,J00025
Winding,2025-04-08 11:21:13.887111,WINDER009,W00026,J00026
Winding,2025-04-08 11:21:13.887112,WINDER020,W00027,J00027
Winding,2025-04-13 11:21:13.887114,WINDER006,W00028,J00028
Winding,2025-04-13 11:21:13.887116,WINDER010,W00029,J00029
Winding,2025-04-13 11:21:13.887117,WINDER006,W00030,J00030
Winding,2025-04-10 11:21:13.887118,WINDER009,W00031,J00031
Winding,2025-04-09 11:21:13.887120,WINDER005,W00032,J00032
Winding,2025-04-08 11:21:13.887122,WINDER002,W00033,J00033
Winding,2025-04-08 11:21:13.887123,WINDER006,W00034,J00034
Winding,2025-04-09 11:21:13.887125,WINDER003,W00035,J00035
Winding,2025-04-09 11:21:13.887126,WINDER005,W00036,J00036
Winding,2025-04-13 11:21:13.887128,WINDER011,W00037,J00037
Winding,2025-04-08 11:21:13.887129,WINDER015,W00038,J00038
Winding,2025-04-13 11:21:13.887131,WINDER003,W00039,J00039
Winding,2025-04-03 11:21:13.887132,WINDER020,W00040,J00040
Winding,2025-04-03 11:21:13.887134,WINDER016,W00041,J00041
Winding,2025-04-04 11:21:13.887135,WINDER020,W00042,J00042
Winding,2025-04-12 11:21:13.887137,WINDER012,W00043,J00043
Winding,2025-04-10 11:21:13.887138,WINDER011,W00044,J00044
Winding,2025-04-13 11:21:13.887140,WINDER019,W00045,J00045
Winding,2025-04-05 11:21:13.887142,WINDER013,W00046,J00046
Winding,2025-04-03 11:21:13.887144,WINDER005,W00047,J00047
Winding,2025-04-04 11:21:13.887147,WINDER012,W00048,J00048
Winding,2025-04-04 11:21:13.887150,WINDER013,W00049,J00049
Winding,2025-04-08 11:21:13.887152,WINDER007,W00050,J00050
Winding,2025-04-08 11:21:13.887155,WINDER018,W00051,J00051
Winding,2025-04-09 11:21:13.887158,WINDER017,W00052,J00052
Winding,2025-04-03 11:21:13.887161,WINDER002,W00053,J00053
Winding,2025-04-08 11:21:13.887164,WINDER005,W00054,J00054
Winding,2025-04-09 11:21:13.887167,WINDER013,W00055,J00055
Winding,2025-04-05 11:21:13.887169,WINDER007,W00056,J00056
Winding,2025-04-09 11:21:13.887172,WINDER007,W00057,J00057
Winding,2025-04-11 11:21:13.887175,WINDER007,W00058,J00058
Winding,2025-04-10 11:21:13.887178,WINDER020,W00059,J00059
Winding,2025-04-11 11:21:13.887181,WINDER008,W00060,J00060
Winding,2025-04-06 11:21:13.887184,WINDER015,W00061,J00061
Winding,2025-04-05 11:21:13.887187,WINDER015,W00062,J00062
Winding,2025-04-05 11:21:13.887189,WINDER004,W00063,J00063
Winding,2025-04-11 11:21:13.887192,WINDER018,W00064,J00064
Winding,2025-04-13 11:21:13.887195,WINDER018,W00065,J00065
Winding,2025-04-03 11:21:13.887198,WINDER012,W00066,J00066
Winding,2025-04-04 11:21:13.887200,WINDER004,W00067,J00067
Winding,2025-04-13 11:21:13.887202,WINDER019,W00068,J00068
Winding,2025-04-08 11:21:13.887205,WINDER018,W00069,J00069
Winding,2025-04-10 11:21:13.887207,WINDER007,W00070,J00070
Winding,2025-04-10 11:21:13.887210,WINDER001,W00071,J00071
Winding,2025-04-11 11:21:13.887212,WINDER015,W00072,J00072
Winding,2025-04-10 11:21:13.887215,WINDER016,W00073,J00073
Winding,2025-04-03 11:21:13.887217,WINDER010,W00074,J00074
Winding,2025-04-11 11:21:13.887220,WINDER007,W00075,J00075
Winding,2025-04-04 11:21:13.887223,WINDER012,W00076,J00076
Winding,2025-04-06 11:21:13.887225,WINDER002,W00077,J00077
Winding,2025-04-07 11:21:13.887228,WINDER002,W00078,J00078
Winding,2025-04-03 11:21:13.887231,WINDER015,W00079,J00079
Winding,2025-04-04 11:21:13.887234,WINDER005,W00080,J00080
Winding,2025-04-03 11:21:13.887236,WINDER017,W00081,J00081
Winding,2025-04-06 11:21:13.887239,WINDER002,W00082,J00082
Winding,2025-04-07 11:21:13.887242,WINDER003,W00083,J00083
Winding,2025-04-12 11:21:13.887244,WINDER004,W00084,J00084
Winding,2025-04-05 11:21:13.887247,WINDER014,W00085,J00085
Winding,2025-04-12 11:21:13.887250,WINDER014,W00086,J00086
Winding,2025-04-09 11:21:13.887253,WINDER013,W00087,J00087
Winding,2025-04-08 11:21:13.887255,WINDER014,W00088,J00088
Winding,2025-04-11 11:21:13.887259,WINDER005,W00089,J00089
Winding,2025-04-07 11:21:13.887261,WINDER006,W00090,J00090
Winding,2025-04-09 11:21:13.887264,WINDER015,W00091,J00091
Winding,2025-04-13 11:21:13.887267,WINDER010,W00092,J00092
Winding,2025-04-06 11:21:13.887269,WINDER015,W00093,J00093
Winding,2025-04-09 11:21:13.887272,WINDER002,W00094,J00094
Winding,2025-04-06 11:21:13.887276,WINDER009,W00095,J00095
Winding,2025-04-12 11:21:13.887278,WINDER005,W00096,J00096
Winding,2025-04-05 11:21:13.887281,WINDER005,W00097,J00097
Winding,2025-04-03 11:21:13.887284,WINDER011,W00098,J00098
Winding,2025-04-09 11:21:13.887287,WINDER013,W00099,J00099
Winding,2025-04-05 11:21:13.887290,WINDER009,W00100,J00100
Winding,2025-04-13 11:21:13.887294,WINDER001,W00101,J00101
Winding,2025-04-09 11:21:13.887296,WINDER004,W00102,J00102
Winding,2025-04-06 11:21:13.887299,WINDER013,W00103,J00103
Winding,2025-04-06 11:21:13.887302,WINDER017,W00104,J00104
Winding,2025-04-11 11:21:13.887305,WINDER015,W00105,J00105
Winding,2025-04-13 11:21:13.887308,WINDER017,W00106,J00106
Winding,2025-04-07 11:21:13.887310,WINDER001,W00107,J00107
Winding,2025-04-04 11:21:13.887313,WINDER003,W00108,J00108
Winding,2025-04-13 11:21:13.887316,WINDER006,W00109,J00109
Winding,2025-04-05 11:21:13.887320,WINDER002,W00110,J00110
Winding,2025-04-08 11:21:13.887323,WINDER008,W00111,J00111
Winding,2025-04-13 11:21:13.887326,WINDER016,W00112,J00112
Winding,2025-04-10 11:21:13.887329,WINDER001,W00113,J00113
Winding,2025-04-04 11:21:13.887332,WINDER017,W00114,J00114
Winding,2025-04-05 11:21:13.887334,WINDER005,W00115,J00115
Winding,2025-04-04 11:21:13.887337,WINDER009,W00116,J00116
Winding,2025-04-10 11:21:13.887340,WINDER016,W00117,J00117
Winding,2025-04-10 11:21:13.887344,WINDER005,W00118,J00118
Winding,2025-04-06 11:21:13.887346,WINDER003,W00119,J00119
Winding,2025-04-08 11:21:13.887348,WINDER016,W00120,J00120
Winding,2025-04-12 11:21:13.887349,WINDER013,W00121,J00121
Winding,2025-04-13 11:21:13.887351,WINDER020,W00122,J00122
Winding,2025-04-03 11:21:13.887352,WINDER015,W00123,J00123
Winding,2025-04-12 11:21:13.887354,WINDER004,W00124,J00124
Winding,2025-04-10 11:21:13.887356,WINDER016,W00125,J00125
Winding,2025-04-06 11:21:13.887357,WINDER016,W00126,J00126
Winding,2025-04-07 11:21:13.887359,WINDER011,W00127,J00127
Winding,2025-04-09 11:21:13.887360,WINDER007,W00128,J00128
Winding,2025-04-11 11:21:13.887362,WINDER005,W00129,J00129
Winding,2025-04-04 11:21:13.887363,WINDER009,W00130,J00130
Winding,2025-04-08 11:21:13.887365,WINDER002,W00131,J00131
Winding,2025-04-05 11:21:13.887367,WINDER005,W00132,J00132
Winding,2025-04-06 11:21:13.887368,WINDER003,W00133,J00133
Winding,2025-04-11 11:21:13.887370,WINDER017,W00134,J00134
Winding,2025-04-13 11:21:13.887371,WINDER006,W00135,J00135
Winding,2025-04-10 11:21:13.887373,WINDER019,W00136,J00136
Winding,2025-04-10 11:21:13.887374,WINDER018,W00137,J00137
Winding,2025-04-10 11:21:13.887376,WINDER009,W00138,J00138
Winding,2025-04-07 11:21:13.887377,WINDER018,W00139,J00139
Winding,2025-04-08 11:21:13.887379,WINDER005,W00140,J00140
Winding,2025-04-10 11:21:13.887381,WINDER009,W00141,J00141
Winding,2025-04-12 11:21:13.887384,WINDER013,W00142,J00142
Winding,2025-04-08 11:21:13.887387,WINDER016,W00143,J00143
Winding,2025-04-08 11:21:13.887390,WINDER012,W00144,J00144
Winding,2025-04-06 11:21:13.887393,WINDER012,W00145,J00145
Winding,2025-04-07 11:21:13.887395,WINDER003,W00146,J00146
Winding,2025-04-06 11:21:13.887398,WINDER019,W00147,J00147
Winding,2025-04-09 11:21:13.887401,WINDER018,W00148,J00148
Winding,2025-04-08 11:21:13.887405,WINDER010,W00149,J00149
Winding,2025-04-05 11:21:13.887407,WINDER007,W00150,J00150
Winding,2025-04-09 11:21:13.887409,WINDER011,W00151,J00151
Winding,2025-04-11 11:21:13.887410,WINDER018,W00152,J00152
Winding,2025-04-09 11:21:13.887412,WINDER003,W00153,J00153
Winding,2025-04-11 11:21:13.887413,WINDER007,W00154,J00154
Winding,2025-04-09 11:21:13.887415,WINDER013,W00155,J00155
Winding,2025-04-09 11:21:13.887417,WINDER010,W00156,J00156
Winding,2025-04-11 11:21:13.887418,WINDER015,W00157,J00157
Winding,2025-04-06 11:21:13.887420,WINDER014,W00158,J00158
Winding,2025-04-12 11:21:13.887421,WINDER010,W00159,J00159
Winding,2025-04-13 11:21:13.887423,WINDER017,W00160,J00160
Winding,2025-04-08 11:21:13.887425,WINDER014,W00161,J00161
Winding,2025-04-08 11:21:13.887426,WINDER013,W00162,J00162
Winding,2025-04-05 11:21:13.887428,WINDER017,W00163,J00163
Winding,2025-04-03 11:21:13.887429,WINDER011,W00164,J00164
Winding,2025-04-08 11:21:13.887431,WINDER020,W00165,J00165
Winding,2025-04-03 11:21:13.887432,WINDER020,W00166,J00166
Winding,2025-04-11 11:21:13.887434,WINDER004,W00167,J00167
Winding,2025-04-13 11:21:13.887436,WINDER011,W00168,J00168
Winding,2025-04-09 11:21:13.887437,WINDER009,W00169,J00169
Winding,2025-04-03 11:21:13.887439,WINDER017,W00170,J00170
Winding,2025-04-10 11:21:13.887441,WINDER008,W00171,J00171
Winding,2025-04-11 11:21:13.887442,WINDER003,W00172,J00172
Winding,2025-04-04 11:21:13.887444,WINDER020,W00173,J00173
Winding,2025-04-07 11:21:13.887446,WINDER016,W00174,J00174
Winding,2025-04-06 11:21:13.887447,WINDER004,W00175,J00175
Winding,2025-04-06 11:21:13.887449,WINDER019,W00176,J00176
Winding,2025-04-08 11:21:13.887451,WINDER003,W00177,J00177
Winding,2025-04-04 11:21:13.887454,WINDER003,W00178,J00178
Winding,2025-04-07 11:21:13.887457,WINDER018,W00179,J00179
Winding,2025-04-12 11:21:13.887460,WINDER007,W00180,J00180
Winding,2025-04-08 11:21:13.887463,WINDER001,W00181,J00181
Winding,2025-04-04 11:21:13.887466,WINDER013,W00182,J00182
Winding,2025-04-07 11:21:13.887469,WINDER012,W00183,J00183
Winding,2025-04-13 11:21:13.887472,WINDER016,W00184,J00184
Winding,2025-04-11 11:21:13.887475,WINDER010,W00185,J00185
Winding,2025-04-13 11:21:13.887478,WINDER011,W00186,J00186
Winding,2025-04-11 11:21:13.887480,WINDER011,W00187,J00187
Winding,2025-04-04 11:21:13.887483,WINDER018,W00188,J00188
Winding,2025-04-06 11:21:13.887486,WINDER017,W00189,J00189
Winding,2025-04-13 11:21:13.887489,WINDER009,W00190,J00190
Winding,2025-04-04 11:21:13.887492,WINDER013,W00191,J00191
Winding,2025-04-09 11:21:13.887495,WINDER008,W00192,J00192
Winding,2025-04-12 11:21:13.887498,WINDER006,W00193,J00193
Winding,2025-04-12 11:21:13.887500,WINDER015,W00194,J00194
Winding,2025-04-12 11:21:13.887501,WINDER010,W00195,J00195
Winding,2025-04-06 11:21:13.887503,WINDER010,W00196,J00196
Winding,2025-04-05 11:21:13.887505,WINDER008,W00197,J00197
Winding,2025-04-12 11:21:13.887506,WINDER012,W00198,J00198
Winding,2025-04-11 11:21:13.887508,WINDER017,W00199,J00199
Winding,2025-04-11 11:21:13.887509,WINDER004,W00200,J00200
Winding,2025-04-06 11:21:13.887511,WINDER007,W00201,J00201
Winding,2025-04-08 11:21:13.887513,WINDER011,W00202,J00202
Winding,2025-04-03 11:21:13.887514,WINDER007,W00203,J00203
Winding,2025-04-07 11:21:13.887517,WINDER017,W00204,J00204
Winding,2025-04-09 11:21:13.887520,WINDER017,W00205,J00205
Winding,2025-04-11 11:21:13.887523,WINDER020,W00206,J00206
Winding,2025-04-08 11:21:13.887526,WINDER016,W00207,J00207
Winding,2025-04-13 11:21:13.887528,WINDER011,W00208,J00208
Winding,2025-04-04 11:21:13.887531,WINDER014,W00209,J00209
Winding,2025-04-11 11:21:13.887534,WINDER008,W00210,J00210
Winding,2025-04-10 11:21:13.887537,WINDER008,W00211,J00211
Winding,2025-04-10 11:21:13.887540,WINDER012,W00212,J00212
Winding,2025-04-08 11:21:13.887542,WINDER002,W00213,J00213
Winding,2025-04-11 11:21:13.887543,WINDER012,W00214,J00214
Winding,2025-04-04 11:21:13.887545,WINDER011,W00215,J00215
Winding,2025-04-13 11:21:13.887547,WINDER019,W00216,J00216
Winding,2025-04-12 11:21:13.887548,WINDER010,W00217,J00217
Winding,2025-04-05 11:21:13.887550,WINDER017,W00218,J00218
Winding,2025-04-07 11:21:13.887552,WINDER016,W00219,J00219
Winding,2025-04-09 11:21:13.887553,WINDER012,W00220,J00220
Winding,2025-04-13 11:21:13.887555,WINDER019,W00221,J00221
Winding,2025-04-11 11:21:13.887556,WINDER001,W00222,J00222
Winding,2025-04-04 11:21:13.887558,WINDER019,W00223,J00223
Winding,2025-04-08 11:21:13.887559,WINDER008,W00224,J00224
Winding,2025-04-13 11:21:13.887561,WINDER007,W00225,J00225
Winding,2025-04-07 11:21:13.887562,WINDER003,W00226,J00226
Winding,2025-04-04 11:21:13.887564,WINDER004,W00227,J00227
Winding,2025-04-10 11:21:13.887566,WINDER005,W00228,J00228
Winding,2025-04-06 11:21:13.887567,WINDER016,W00229,J00229
Winding,2025-04-12 11:21:13.887569,WINDER011,W00230,J00230
Winding,2025-04-12 11:21:13.887570,WINDER009,W00231,J00231
Winding,2025-04-04 11:21:13.887572,WINDER015,W00232,J00232
Winding,2025-04-13 11:21:13.887573,WINDER017,W00233,J00233
Winding,2025-04-12 11:21:13.887575,WINDER002,W00234,J00234
Winding,2025-04-03 11:21:13.887577,WINDER019,W00235,J00235
Winding,2025-04-06 11:21:13.887578,WINDER012,W00236,J00236
Winding,2025-04-05 11:21:13.887580,WINDER012,W00237,J00237
Winding,2025-04-08 11:21:13.887581,WINDER009,W00238,J00238
Winding,2025-04-06 11:21:13.887583,WINDER020,W00239,J00239
Winding,2025-04-03 11:21:13.887585,WINDER016,W00240,J00240
Winding,2025-04-06 11:21:13.887587,WINDER014,W00241,J00241
Winding,2025-04-12 11:21:13.887588,WINDER019,W00242,J00242
Winding,2025-04-09 11:21:13.887590,WINDER010,W00243,J00243
Winding,2025-04-07 11:21:13.887591,WINDER004,W00244,J00244
Winding,2025-04-10 11:21:13.887593,WINDER003,W00245,J00245
Winding,2025-04-08 11:21:13.887594,WINDER013,W00246,J00246
Winding,2025-04-12 11:21:13.887596,WINDER011,W00247,J00247
Winding,2025-04-03 11:21:13.887597,WINDER014,W00248,J00248
Winding,2025-04-06 11:21:13.887599,WINDER018,W00249,J00249
Winding,2025-04-05 11:21:13.887600,WINDER009,W00250,J00250
Winding,2025-04-06 11:21:13.887602,WINDER019,W00251,J00251
Winding,2025-04-05 11:21:13.887605,WINDER006,W00252,J00252
Winding,2025-04-05 11:21:13.887608,WINDER009,W00253,J00253
Winding,2025-04-11 11:21:13.887611,WINDER015,W00254,J00254
Winding,2025-04-07 11:21:13.887613,WINDER020,W00255,J00255
Winding,2025-04-03 11:21:13.887616,WINDER005,W00256,J00256
Winding,2025-04-07 11:21:13.887619,WINDER005,W00257,J00257
Winding,2025-04-05 11:21:13.887622,WINDER020,W00258,J00258
Winding,2025-04-07 11:21:13.887626,WINDER005,W00259,J00259
Winding,2025-04-13 11:21:13.887628,WINDER018,W00260,J00260
Winding,2025-04-12 11:21:13.887629,WINDER001,W00261,J00261
Winding,2025-04-03 11:21:13.887631,WINDER006,W00262,J00262
Winding,2025-04-04 11:21:13.887633,WINDER020,W00263,J00263
Winding,2025-04-06 11:21:13.887634,WINDER020,W00264,J00264
Winding,2025-04-04 11:21:13.887636,WINDER018,W00265,J00265
Winding,2025-04-05 11:21:13.887638,WINDER002,W00266,J00266
Winding,2025-04-03 11:21:13.887639,WINDER009,W00267,J00267
Winding,2025-04-10 11:21:13.887641,WINDER001,W00268,J00268
Winding,2025-04-10 11:21:13.887644,WINDER004,W00269,J00269
Winding,2025-04-03 11:21:13.887647,WINDER005,W00270,J00270
Winding,2025-04-09 11:21:13.887650,WINDER020,W00271,J00271
Winding,2025-04-04 11:21:13.887653,WINDER011,W00272,J00272
Winding,2025-04-08 11:21:13.887656,WINDER003,W00273,J00273
Winding,2025-04-13 11:21:13.887659,WINDER004,W00274,J00274
Winding,2025-04-05 11:21:13.887662,WINDER003,W00275,J00275
Winding,2025-04-12 11:21:13.887664,WINDER002,W00276,J00276
Winding,2025-04-03 11:21:13.887667,WINDER019,W00277,J00277
Winding,2025-04-10 11:21:13.887670,WINDER002,W00278,J00278
Winding,2025-04-08 11:21:13.887674,WINDER012,W00279,J00279
Winding,2025-04-13 11:21:13.887677,WINDER006,W00280,J00280
Winding,2025-04-04 11:21:13.887679,WINDER003,W00281,J00281
Winding,2025-04-11 11:21:13.887682,WINDER016,W00282,J00282
Winding,2025-04-10 11:21:13.887685,WINDER008,W00283,J00283
Winding,2025-04-06 11:21:13.887688,WINDER001,W00284,J00284
Winding,2025-04-09 11:21:13.887691,WINDER018,W00285,J00285
Winding,2025-04-12 11:21:13.887694,WINDER004,W00286,J00286
Winding,2025-04-10 11:21:13.887697,WINDER016,W00287,J00287
Winding,2025-04-11 11:21:13.887700,WINDER016,W00288,J00288
Winding,2025-04-12 11:21:13.887703,WINDER014,W00289,J00289
Winding,2025-04-10 11:21:13.887705,WINDER001,W00290,J00290
Winding,2025-04-06 11:21:13.887709,WINDER019,W00291,J00291
Winding,2025-04-13 11:21:13.887711,WINDER015,W00292,J00292
Winding,2025-04-05 11:21:13.887714,WINDER012,W00293,J00293
Winding,2025-04-08 11:21:13.887717,WINDER016,W00294,J00294
Winding,2025-04-08 11:21:13.887719,WINDER003,W00295,J00295
Winding,2025-04-06 11:21:13.887723,WINDER020,W00296,J00296
Winding,2025-04-10 11:21:13.887726,WINDER005,W00297,J00297
Winding,2025-04-12 11:21:13.887729,WINDER007,W00298,J00298
Winding,2025-04-12 11:21:13.887733,WINDER010,W00299,J00299
Winding,2025-04-03 11:21:13.887734,WINDER011,W00300,J00300
Winding,2025-04-06 11:21:13.887737,WINDER017,W00301,J00301
Winding,2025-04-08 11:21:13.887740,WINDER005,W00302,J00302
Winding,2025-04-07 11:21:13.887743,WINDER013,W00303,J00303
Winding,2025-04-09 11:21:13.887746,WINDER013,W00304,J00304
Winding,2025-04-03 11:21:13.887749,WINDER016,W00305,J00305
Winding,2025-04-11 11:21:13.887751,WINDER004,W00306,J00306
Winding,2025-04-10 11:21:13.887754,WINDER002,W00307,J00307
Winding,2025-04-08 11:21:13.887757,WINDER012,W00308,J00308
Winding,2025-04-04 11:21:13.887760,WINDER007,W00309,J00309
Winding,2025-04-09 11:21:13.887765,WINDER006,W00310,J00310
Winding,2025-04-03 11:21:13.887769,WINDER002,W00311,J00311
Winding,2025-04-04 11:21:13.887772,WINDER001,W00312,J00312
Winding,2025-04-10 11:21:13.887775,WINDER002,W00313,J00313
Winding,2025-04-10 11:21:13.887777,WINDER014,W00314,J00314
Winding,2025-04-10 11:21:13.887780,WINDER010,W00315,J00315
Winding,2025-04-05 11:21:13.887783,WINDER014,W00316,J00316
Winding,2025-04-03 11:21:13.887786,WINDER006,W00317,J00317
Winding,2025-04-13 11:21:13.887789,WINDER009,W00318,J00318
Winding,2025-04-09 11:21:13.887791,WINDER017,W00319,J00319
Winding,2025-04-13 11:21:13.887794,WINDER006,W00320,J00320
Winding,2025-04-03 11:21:13.887797,WINDER013,W00321,J00321
Winding,2025-04-13 11:21:13.887800,WINDER004,W00322,J00322
Winding,2025-04-03 11:21:13.887803,WINDER019,W00323,J00323
Winding,2025-04-10 11:21:13.887806,WINDER017,W00324,J00324
Winding,2025-04-11 11:21:13.887809,WINDER013,W00325,J00325
Winding,2025-04-04 11:21:13.887811,WINDER005,W00326,J00326
Winding,2025-04-04 11:21:13.887815,WINDER009,W00327,J00327
Winding,2025-04-06 11:21:13.887818,WINDER015,W00328,J00328
Winding,2025-04-05 11:21:13.887821,WINDER009,W00329,J00329
Winding,2025-04-11 11:21:13.887823,WINDER002,W00330,J00330
Winding,2025-04-04 11:21:13.887825,WINDER003,W00331,J00331
Winding,2025-04-12 11:21:13.887827,WINDER018,W00332,J00332
Winding,2025-04-07 11:21:13.887829,WINDER012,W00333,J00333
Winding,2025-04-06 11:21:13.887830,WINDER010,W00334,J00334
Winding,2025-04-06 11:21:13.887832,WINDER012,W00335,J00335
Winding,2025-04-11 11:21:13.887833,WINDER014,W00336,J00336
Winding,2025-04-07 11:21:13.887835,WINDER006,W00337,J00337
Winding,2025-04-12 11:21:13.887836,WINDER015,W00338,J00338
Winding,2025-04-03 11:21:13.887838,WINDER004,W00339,J00339
Winding,2025-04-05 11:21:13.887840,WINDER001,W00340,J00340
Winding,2025-04-06 11:21:13.887841,WINDER007,W00341,J00341
Winding,2025-04-10 11:21:13.887843,WINDER002,W00342,J00342
Winding,2025-04-08 11:21:13.887844,WINDER004,W00343,J00343
Winding,2025-04-09 11:21:13.887846,WINDER012,W00344,J00344
Winding,2025-04-07 11:21:13.887848,WINDER019,W00345,J00345
Winding,2025-04-12 11:21:13.887849,WINDER017,W00346,J00346
Winding,2025-04-11 11:21:13.887851,WINDER007,W00347,J00347
Winding,2025-04-08 11:21:13.887852,WINDER018,W00348,J00348
Winding,2025-04-09 11:21:13.887854,WINDER006,W00349,J00349
Winding,2025-04-13 11:21:13.887856,WINDER014,W00350,J00350
Winding,2025-04-05 11:21:13.887857,WINDER004,W00351,J00351
Winding,2025-04-08 11:21:13.887859,WINDER016,W00352,J00352
Winding,2025-04-13 11:21:13.887861,WINDER003,W00353,J00353
Winding,2025-04-07 11:21:13.887863,WINDER007,W00354,J00354
Winding,2025-04-12 11:21:13.887865,WINDER018,W00355,J00355
Winding,2025-04-05 11:21:13.887867,WINDER011,W00356,J00356
Winding,2025-04-10 11:21:13.887868,WINDER007,W00357,J00357
Winding,2025-04-09 11:21:13.887870,WINDER013,W00358,J00358
Winding,2025-04-09 11:21:13.887872,WINDER017,W00359,J00359
Winding,2025-04-11 11:21:13.887873,WINDER012,W00360,J00360
Winding,2025-04-06 11:21:13.887875,WINDER007,W00361,J00361
Winding,2025-04-11 11:21:13.887876,WINDER020,W00362,J00362
Winding,2025-04-04 11:21:13.887878,WINDER007,W00363,J00363
Winding,2025-04-07 11:21:13.887880,WINDER018,W00364,J00364
Winding,2025-04-09 11:21:13.887881,WINDER010,W00365,J00365
Winding,2025-04-09 11:21:13.887883,WINDER015,W00366,J00366
Winding,2025-04-13 11:21:13.887884,WINDER012,W00367,J00367
Winding,2025-04-07 11:21:13.887886,WINDER015,W00368,J00368
Winding,2025-04-13 11:21:13.887887,WINDER019,W00369,J00369
Winding,2025-04-04 11:21:13.887889,WINDER017,W00370,J00370
Winding,2025-04-04 11:21:13.887890,WINDER004,W00371,J00371
Winding,2025-04-05 11:21:13.887892,WINDER017,W00372,J00372
Winding,2025-04-06 11:21:13.887893,WINDER005,W00373,J00373
Winding,2025-04-05 11:21:13.887895,WINDER001,W00374,J00374
Winding,2025-04-03 11:21:13.887897,WINDER017,W00375,J00375
Winding,2025-04-06 11:21:13.887898,WINDER013,W00376,J00376
Winding,2025-04-06 11:21:13.887900,WINDER016,W00377,J00377
Winding,2025-04-07 11:21:13.887902,WINDER004,W00378,J00378
Winding,2025-04-03 11:21:13.887903,WINDER020,W00379,J00379
Winding,2025-04-04 11:21:13.887905,WINDER003,W00380,J00380
Winding,2025-04-07 11:21:13.887906,WINDER011,W00381,J00381
Winding,2025-04-11 11:21:13.887908,WINDER002,W00382,J00382
Winding,2025-04-13 11:21:13.887909,WINDER018,W00383,J00383
Winding,2025-04-12 11:21:13.887911,WINDER012,W00384,J00384
Winding,2025-04-04 11:21:13.887912,WINDER017,W00385,J00385
Winding,2025-04-12 11:21:13.887914,WINDER010,W00386,J00386
Winding,2025-04-04 11:21:13.887916,WINDER009,W00387,J00387
Winding,2025-04-06 11:21:13.887917,WINDER007,W00388,J00388
Winding,2025-04-07 11:21:13.887919,WINDER014,W00389,J00389
Winding,2025-04-08 11:21:13.887920,WINDER006,W00390,J00390
Winding,2025-04-11 11:21:13.887922,WINDER009,W00391,J00391
Winding,2025-04-05 11:21:13.887924,WINDER002,W00392,J00392
Winding,2025-04-10 11:21:13.887925,WINDER016,W00393,J00393
Winding,2025-04-12 11:21:13.887927,WINDER001,W00394,J00394
Winding,2025-04-06 11:21:13.887928,WINDER004,W00395,J00395
Winding,2025-04-09 11:21:13.887930,WINDER001,W00396,J00396
Winding,2025-04-08 11:21:13.887931,WINDER008,W00397,J00397
Winding,2025-04-10 11:21:13.887933,WINDER003,W00398,J00398
Winding,2025-04-05 11:21:13.887934,WINDER002,W00399,J00399
Winding,2025-04-11 11:21:13.887936,WINDER015,W00400,J00400
Winding,2025-04-03 11:21:13.887937,WINDER012,W00401,J00401
Winding,2025-04-04 11:21:13.887940,WINDER020,W00402,J00402
Winding,2025-04-07 11:21:13.887942,WINDER015,W00403,J00403
Winding,2025-04-03 11:21:13.887943,WINDER020,W00404,J00404
Winding,2025-04-07 11:21:13.887945,WINDER006,W00405,J00405
Winding,2025-04-13 11:21:13.887946,WINDER018,W00406,J00406
Winding,2025-04-11 11:21:13.887948,WINDER019,W00407,J00407
Winding,2025-04-05 11:21:13.887950,WINDER009,W00408,J00408
Winding,2025-04-04 11:21:13.887951,WINDER019,W00409,J00409
Winding,2025-04-07 11:21:13.887953,WINDER013,W00410,J00410
Winding,2025-04-08 11:21:13.887954,WINDER018,W00411,J00411
Winding,2025-04-09 11:21:13.887956,WINDER005,W00412,J00412
Winding,2025-04-11 11:21:13.887958,WINDER019,W00413,J00413
Winding,2025-04-08 11:21:13.887959,WINDER002,W00414,J00414
Winding,2025-04-08 11:21:13.887961,WINDER016,W00415,J00415
Winding,2025-04-04 11:21:13.887962,WINDER004,W00416,J00416
Winding,2025-04-04 11:21:13.887964,WINDER010,W00417,J00417
Winding,2025-04-10 11:21:13.887965,WINDER006,W00418,J00418
Winding,2025-04-03 11:21:13.887966,WINDER012,W00419,J00419
Winding,2025-04-08 11:21:13.887968,WINDER016,W00420,J00420
Winding,2025-04-07 11:21:13.887970,WINDER017,W00421,J00421
Winding,2025-04-03 11:21:13.887971,WINDER011,W00422,J00422
Winding,2025-04-09 11:21:13.887973,WINDER004,W00423,J00423
Winding,2025-04-04 11:21:13.887975,WINDER001,W00424,J00424
Winding,2025-04-05 11:21:13.887976,WINDER017,W00425,J00425
Winding,2025-04-09 11:21:13.887978,WINDER011,W00426,J00426
Winding,2025-04-06 11:21:13.887979,WINDER010,W00427,J00427
Winding,2025-04-10 11:21:13.887981,WINDER008,W00428,J00428
Winding,2025-04-07 11:21:13.887983,WINDER015,W00429,J00429
Winding,2025-04-06 11:21:13.887984,WINDER017,W00430,J00430
Winding,2025-04-09 11:21:13.887986,WINDER018,W00431,J00431
Winding,2025-04-05 11:21:13.887988,WINDER004,W00432,J00432
Winding,2025-04-06 11:21:13.887991,WINDER008,W00433,J00433
Winding,2025-04-11 11:21:13.887994,WINDER011,W00434,J00434
Winding,2025-04-07 11:21:13.887997,WINDER004,W00435,J00435
Winding,2025-04-08 11:21:13.888000,WINDER010,W00436,J00436
Winding,2025-04-07 11:21:13.888003,WINDER011,W00437,J00437
Winding,2025-04-05 11:21:13.888006,WINDER010,W00438,J00438
Winding,2025-04-09 11:21:13.888009,WINDER013,W00439,J00439
Winding,2025-04-09 11:21:13.888011,WINDER014,W00440,J00440
Winding,2025-04-07 11:21:13.888015,WINDER010,W00441,J00441
Winding,2025-04-07 11:21:13.888018,WINDER002,W00442,J00442
Winding,2025-04-03 11:21:13.888020,WINDER020,W00443,J00443
Winding,2025-04-07 11:21:13.888022,WINDER007,W00444,J00444
Winding,2025-04-10 11:21:13.888023,WINDER012,W00445,J00445
Winding,2025-04-10 11:21:13.888025,WINDER010,W00446,J00446
Winding,2025-04-13 11:21:13.888027,WINDER004,W00447,J00447
Winding,2025-04-11 11:21:13.888028,WINDER014,W00448,J00448
Winding,2025-04-11 11:21:13.888030,WINDER007,W00449,J00449
Winding,2025-04-07 11:21:13.888031,WINDER006,W00450,J00450
Winding,2025-04-08 11:21:13.888033,WINDER018,W00451,J00451
Winding,2025-04-13 11:21:13.888035,WINDER017,W00452,J00452
Winding,2025-04-10 11:21:13.888036,WINDER002,W00453,J00453
Winding,2025-04-10 11:21:13.888038,WINDER018,W00454,J00454
Winding,2025-04-05 11:21:13.888039,WINDER001,W00455,J00455
Winding,2025-04-09 11:21:13.888040,WINDER020,W00456,J00456
Winding,2025-04-12 11:21:13.888042,WINDER008,W00457,J00457
Winding,2025-04-04 11:21:13.888047,WINDER008,W00458,J00458
Winding,2025-04-08 11:21:13.888050,WINDER013,W00459,J00459
Winding,2025-04-07 11:21:13.888053,WINDER017,W00460,J00460
Winding,2025-04-10 11:21:13.888056,WINDER020,W00461,J00461
Winding,2025-04-07 11:21:13.888058,WINDER019,W00462,J00462
Winding,2025-04-08 11:21:13.888062,WINDER007,W00463,J00463
Winding,2025-04-10 11:21:13.888065,WINDER014,W00464,J00464
Winding,2025-04-08 11:21:13.888067,WINDER017,W00465,J00465
Winding,2025-04-07 11:21:13.888069,WINDER016,W00466,J00466
Winding,2025-04-09 11:21:13.888070,WINDER009,W00467,J00467
Winding,2025-04-09 11:21:13.888072,WINDER015,W00468,J00468
Winding,2025-04-07 11:21:13.888073,WINDER001,W00469,J00469
Winding,2025-04-09 11:21:13.888075,WINDER020,W00470,J00470
Winding,2025-04-12 11:21:13.888078,WINDER004,W00471,J00471
Winding,2025-04-08 11:21:13.888080,WINDER014,W00472,J00472
Winding,2025-04-13 11:21:13.888084,WINDER006,W00473,J00473
Winding,2025-04-12 11:21:13.888086,WINDER008,W00474,J00474
Winding,2025-04-06 11:21:13.888089,WINDER013,W00475,J00475
Winding,2025-04-12 11:21:13.888092,WINDER011,W00476,J00476
Winding,2025-04-03 11:21:13.888095,WINDER009,W00477,J00477
Winding,2025-04-08 11:21:13.888098,WINDER016,W00478,J00478
Winding,2025-04-13 11:21:13.888100,WINDER004,W00479,J00479
Winding,2025-04-06 11:21:13.888101,WINDER004,W00480,J00480
Winding,2025-04-08 11:21:13.888103,WINDER017,W00481,J00481
Winding,2025-04-11 11:21:13.888105,WINDER008,W00482,J00482
Winding,2025-04-12 11:21:13.888106,WINDER012,W00483,J00483
Winding,2025-04-12 11:21:13.888108,WINDER007,W00484,J00484
Winding,2025-04-06 11:21:13.888110,WINDER007,W00485,J00485
Winding,2025-04-13 11:21:13.888111,WINDER008,W00486,J00486
Winding,2025-04-05 11:21:13.888113,WINDER008,W00487,J00487
Winding,2025-04-04 11:21:13.888115,WINDER014,W00488,J00488
Winding,2025-04-04 11:21:13.888116,WINDER009,W00489,J00489
Winding,2025-04-11 11:21:13.888118,WINDER001,W00490,J00490
Winding,2025-04-05 11:21:13.888121,WINDER018,W00491,J00491
Winding,2025-04-13 11:21:13.888124,WINDER011,W00492,J00492
Winding,2025-04-03 11:21:13.888127,WINDER004,W00493,J00493
Winding,2025-04-03 11:21:13.888129,WINDER010,W00494,J00494
Winding,2025-04-05 11:21:13.888132,WINDER007,W00495,J00495
Winding,2025-04-04 11:21:13.888136,WINDER005,W00496,J00496
Winding,2025-04-12 11:21:13.888139,WINDER001,W00497,J00497
Winding,2025-04-03 11:21:13.888141,WINDER012,W00498,J00498
Winding,2025-04-10 11:21:13.888143,WINDER009,W00499,J00499
Winding,2025-04-13 11:21:13.888144,WINDER020,W00500,J00500
Winding,2025-04-05 11:21:13.888145,WINDER012,W00501,J00501
Winding,2025-04-12 11:21:13.888147,WINDER006,W00502,J00502
Winding,2025-04-08 11:21:13.888148,WINDER014,W00503,J00503
Winding,2025-04-08 11:21:13.888150,WINDER016,W00504,J00504
Winding,2025-04-10 11:21:13.888151,WINDER015,W00505,J00505
Winding,2025-04-08 11:21:13.888153,WINDER019,W00506,J00506
Winding,2025-04-03 11:21:13.888155,WINDER013,W00507,J00507
Winding,2025-04-05 11:21:13.888156,WINDER013,W00508,J00508
Winding,2025-04-07 11:21:13.888158,WINDER009,W00509,J00509
Winding,2025-04-13 11:21:13.888160,WINDER016,W00510,J00510
Winding,2025-04-12 11:21:13.888161,WINDER009,W00511,J00511
Winding,2025-04-09 11:21:13.888163,WINDER011,W00512,J00512
Winding,2025-04-05 11:21:13.888165,WINDER013,W00513,J00513
Winding,2025-04-11 11:21:13.888166,WINDER007,W00514,J00514
Winding,2025-04-08 11:21:13.888168,WINDER007,W00515,J00515
Winding,2025-04-04 11:21:13.888169,WINDER019,W00516,J00516
Winding,2025-04-10 11:21:13.888171,WINDER009,W00517,J00517
Winding,2025-04-04 11:21:13.888172,WINDER008,W00518,J00518
Winding,2025-04-09 11:21:13.888174,WINDER013,W00519,J00519
Winding,2025-04-05 11:21:13.888175,WINDER007,W00520,J00520
Winding,2025-04-04 11:21:13.888177,WINDER009,W00521,J00521
Winding,2025-04-05 11:21:13.888180,WINDER007,W00522,J00522
Winding,2025-04-13 11:21:13.888181,WINDER003,W00523,J00523
Winding,2025-04-04 11:21:13.888183,WINDER011,W00524,J00524
Winding,2025-04-10 11:21:13.888184,WINDER014,W00525,J00525
Winding,2025-04-06 11:21:13.888186,WINDER013,W00526,J00526
Winding,2025-04-07 11:21:13.888188,WINDER020,W00527,J00527
Winding,2025-04-09 11:21:13.888189,WINDER002,W00528,J00528
Winding,2025-04-13 11:21:13.888191,WINDER002,W00529,J00529
Winding,2025-04-08 11:21:13.888192,WINDER012,W00530,J00530
Winding,2025-04-13 11:21:13.888194,WINDER007,W00531,J00531
Winding,2025-04-12 11:21:13.888196,WINDER012,W00532,J00532
Winding,2025-04-12 11:21:13.888197,WINDER008,W00533,J00533
Winding,2025-04-07 11:21:13.888199,WINDER005,W00534,J00534
Winding,2025-04-06 11:21:13.888201,WINDER006,W00535,J00535
Winding,2025-04-03 11:21:13.888202,WINDER015,W00536,J00536
Winding,2025-04-12 11:21:13.888204,WINDER018,W00537,J00537
Winding,2025-04-07 11:21:13.888205,WINDER018,W00538,J00538
Winding,2025-04-13 11:21:13.888207,WINDER020,W00539,J00539
Winding,2025-04-04 11:21:13.888209,WINDER019,W00540,J00540
Winding,2025-04-08 11:21:13.888210,WINDER004,W00541,J00541
Winding,2025-04-08 11:21:13.888212,WINDER018,W00542,J00542
Winding,2025-04-05 11:21:13.888213,WINDER020,W00543,J00543
Winding,2025-04-06 11:21:13.888215,WINDER013,W00544,J00544
Winding,2025-04-05 11:21:13.888217,WINDER011,W00545,J00545
Winding,2025-04-03 11:21:13.888218,WINDER007,W00546,J00546
Winding,2025-04-06 11:21:13.888220,WINDER005,W00547,J00547
Winding,2025-04-10 11:21:13.888221,WINDER005,W00548,J00548
Winding,2025-04-03 11:21:13.888223,WINDER007,W00549,J00549
Winding,2025-04-03 11:21:13.888224,WINDER011,W00550,J00550
Winding,2025-04-08 11:21:13.888226,WINDER019,W00551,J00551
Winding,2025-04-07 11:21:13.888227,WINDER015,W00552,J00552
Winding,2025-04-05 11:21:13.888229,WINDER016,W00553,J00553
Winding,2025-04-11 11:21:13.888230,WINDER001,W00554,J00554
Winding,2025-04-11 11:21:13.888232,WINDER002,W00555,J00555
Winding,2025-04-03 11:21:13.888234,WINDER020,W00556,J00556
Winding,2025-04-05 11:21:13.888235,WINDER004,W00557,J00557
Winding,2025-04-03 11:21:13.888237,WINDER013,W00558,J00558
Winding,2025-04-09 11:21:13.888238,WINDER012,W00559,J00559
Winding,2025-04-09 11:21:13.888240,WINDER012,W00560,J00560
Winding,2025-04-13 11:21:13.888241,WINDER004,W00561,J00561
Winding,2025-04-11 11:21:13.888243,WINDER014,W00562,J00562
Winding,2025-04-13 11:21:13.888244,WINDER007,W00563,J00563
Winding,2025-04-10 11:21:13.888246,WINDER003,W00564,J00564
Winding,2025-04-05 11:21:13.888248,WINDER004,W00565,J00565
Winding,2025-04-04 11:21:13.888249,WINDER017,W00566,J00566
Winding,2025-04-13 11:21:13.888251,WINDER008,W00567,J00567
Winding,2025-04-13 11:21:13.888252,WINDER002,W00568,J00568
Winding,2025-04-08 11:21:13.888254,WINDER013,W00569,J00569
Winding,2025-04-05 11:21:13.888255,WINDER001,W00570,J00570
Winding,2025-04-12 11:21:13.888257,WINDER017,W00571,J00571
Winding,2025-04-06 11:21:13.888259,WINDER001,W00572,J00572
Winding,2025-04-08 11:21:13.888260,WINDER007,W00573,J00573
Winding,2025-04-10 11:21:13.888262,WINDER002,W00574,J00574
Winding,2025-04-05 11:21:13.888263,WINDER015,W00575,J00575
Winding,2025-04-05 11:21:13.888265,WINDER004,W00576,J00576
Winding,2025-04-07 11:21:13.888266,WINDER019,W00577,J00577
Winding,2025-04-13 11:21:13.888268,WINDER008,W00578,J00578
Winding,2025-04-07 11:21:13.888269,WINDER002,W00579,J00579
Winding,2025-04-12 11:21:13.888271,WINDER002,W00580,J00580
Winding,2025-04-06 11:21:13.888273,WINDER007,W00581,J00581
Winding,2025-04-13 11:21:13.888274,WINDER011,W00582,J00582
Winding,2025-04-08 11:21:13.888276,WINDER010,W00583,J00583
Winding,2025-04-11 11:21:13.888277,WINDER005,W00584,J00584
Winding,2025-04-03 11:21:13.888279,WINDER006,W00585,J00585
Winding,2025-04-12 11:21:13.888282,WINDER012,W00586,J00586
Winding,2025-04-11 11:21:13.888284,WINDER015,W00587,J00587
Winding,2025-04-10 11:21:13.888287,WINDER019,W00588,J00588
Winding,2025-04-07 11:21:13.888290,WINDER003,W00589,J00589
Winding,2025-04-06 11:21:13.888292,WINDER011,W00590,J00590
Winding,2025-04-12 11:21:13.888295,WINDER018,W00591,J00591
Winding,2025-04-06 11:21:13.888298,WINDER011,W00592,J00592
Winding,2025-04-03 11:21:13.888302,WINDER014,W00593,J00593
Winding,2025-04-08 11:21:13.888306,WINDER010,W00594,J00594
Winding,2025-04-11 11:21:13.888308,WINDER002,W00595,J00595
Winding,2025-04-09 11:21:13.888309,WINDER006,W00596,J00596
Winding,2025-04-07 11:21:13.888311,WINDER013,W00597,J00597
Winding,2025-04-13 11:21:13.888312,WINDER001,W00598,J00598
Winding,2025-04-09 11:21:13.888314,WINDER003,W00599,J00599
Winding,2025-04-10 11:21:13.888316,WINDER002,W00600,J00600
Winding,2025-04-06 11:21:13.888317,WINDER005,W00601,J00601
Winding,2025-04-09 11:21:13.888319,WINDER016,W00602,J00602
Winding,2025-04-03 11:21:13.888320,WINDER010,W00603,J00603
Winding,2025-04-07 11:21:13.888322,WINDER018,W00604,J00604
Winding,2025-04-12 11:21:13.888324,WINDER020,W00605,J00605
Winding,2025-04-03 11:21:13.888325,WINDER019,W00606,J00606
Winding,2025-04-09 11:21:13.888327,WINDER001,W00607,J00607
Winding,2025-04-10 11:21:13.888328,WINDER005,W00608,J00608
Winding,2025-04-04 11:21:13.888330,WINDER009,W00609,J00609
Winding,2025-04-05 11:21:13.888331,WINDER016,W00610,J00610
Winding,2025-04-13 11:21:13.888333,WINDER007,W00611,J00611
Winding,2025-04-04 11:21:13.888334,WINDER019,W00612,J00612
Winding,2025-04-05 11:21:13.888336,WINDER019,W00613,J00613
Winding,2025-04-08 11:21:13.888337,WINDER001,W00614,J00614
Winding,2025-04-07 11:21:13.888339,WINDER015,W00615,J00615
Winding,2025-04-07 11:21:13.888340,WINDER011,W00616,J00616
Winding,2025-04-04 11:21:13.888343,WINDER014,W00617,J00617
Winding,2025-04-13 11:21:13.888346,WINDER019,W00618,J00618
Winding,2025-04-07 11:21:13.888348,WINDER013,W00619,J00619
Winding,2025-04-10 11:21:13.888351,WINDER016,W00620,J00620
Winding,2025-04-03 11:21:13.888354,WINDER005,W00621,J00621
Winding,2025-04-08 11:21:13.888357,WINDER002,W00622,J00622
Winding,2025-04-07 11:21:13.888359,WINDER019,W00623,J00623
Winding,2025-04-05 11:21:13.888362,WINDER004,W00624,J00624
Winding,2025-04-03 11:21:13.888365,WINDER012,W00625,J00625
Winding,2025-04-12 11:21:13.888368,WINDER005,W00626,J00626
Winding,2025-04-03 11:21:13.888371,WINDER017,W00627,J00627
Winding,2025-04-05 11:21:13.888375,WINDER005,W00628,J00628
Winding,2025-04-03 11:21:13.888377,WINDER015,W00629,J00629
Winding,2025-04-12 11:21:13.888378,WINDER019,W00630,J00630
Winding,2025-04-10 11:21:13.888380,WINDER020,W00631,J00631
Winding,2025-04-10 11:21:13.888381,WINDER004,W00632,J00632
Winding,2025-04-05 11:21:13.888383,WINDER011,W00633,J00633
Winding,2025-04-05 11:21:13.888384,WINDER020,W00634,J00634
Winding,2025-04-05 11:21:13.888386,WINDER007,W00635,J00635
Winding,2025-04-12 11:21:13.888387,WINDER003,W00636,J00636
Winding,2025-04-05 11:21:13.888389,WINDER020,W00637,J00637
Winding,2025-04-07 11:21:13.888390,WINDER003,W00638,J00638
Winding,2025-04-06 11:21:13.888392,WINDER020,W00639,J00639
Winding,2025-04-08 11:21:13.888394,WINDER002,W00640,J00640
Winding,2025-04-06 11:21:13.888395,WINDER009,W00641,J00641
Winding,2025-04-13 11:21:13.888397,WINDER012,W00642,J00642
Winding,2025-04-10 11:21:13.888398,WINDER006,W00643,J00643
Winding,2025-04-09 11:21:13.888400,WINDER015,W00644,J00644
Winding,2025-04-07 11:21:13.888401,WINDER001,W00645,J00645
Winding,2025-04-08 11:21:13.888403,WINDER004,W00646,J00646
Winding,2025-04-07 11:21:13.888404,WINDER018,W00647,J00647
Winding,2025-04-11 11:21:13.888415,WINDER008,W00648,J00648
Winding,2025-04-10 11:21:13.888417,WINDER014,W00649,J00649
Winding,2025-04-12 11:21:13.888418,WINDER005,W00650,J00650
Winding,2025-04-03 11:21:13.888420,WINDER003,W00651,J00651
Winding,2025-04-10 11:21:13.888421,WINDER001,W00652,J00652
Winding,2025-04-06 11:21:13.888423,WINDER012,W00653,J00653
Winding,2025-04-07 11:21:13.888425,WINDER008,W00654,J00654
Winding,2025-04-04 11:21:13.888426,WINDER019,W00655,J00655
Winding,2025-04-10 11:21:13.888428,WINDER002,W00656,J00656
Winding,2025-04-10 11:21:13.888441,WINDER004,W00657,J00657
Winding,2025-04-07 11:21:13.888442,WINDER004,W00658,J00658
Winding,2025-04-11 11:21:13.888444,WINDER020,W00659,J00659
Winding,2025-04-04 11:21:13.888446,WINDER020,W00660,J00660
Winding,2025-04-13 11:21:13.888447,WINDER012,W00661,J00661
Winding,2025-04-13 11:21:13.888449,WINDER016,W00662,J00662
Winding,2025-04-12 11:21:13.888450,WINDER007,W00663,J00663
Winding,2025-04-13 11:21:13.888452,WINDER020,W00664,J00664
Winding,2025-04-10 11:21:13.888454,WINDER012,W00665,J00665
Winding,2025-04-13 11:21:13.888455,WINDER001,W00666,J00666
Winding,2025-04-08 11:21:13.888457,WINDER013,W00667,J00667
Winding,2025-04-05 11:21:13.888459,WINDER017,W00668,J00668
Winding,2025-04-04 11:21:13.888461,WINDER019,W00669,J00669
Winding,2025-04-09 11:21:13.888462,WINDER011,W00670,J00670
Winding,2025-04-06 11:21:13.888464,WINDER012,W00671,J00671
Winding,2025-04-07 11:21:13.888466,WINDER016,W00672,J00672
Winding,2025-04-11 11:21:13.888468,WINDER020,W00673,J00673
Winding,2025-04-13 11:21:13.888471,WINDER008,W00674,J00674
Winding,2025-04-13 11:21:13.888474,WINDER012,W00675,J00675
Winding,2025-04-03 11:21:13.888477,WINDER020,W00676,J00676
Winding,2025-04-05 11:21:13.888480,WINDER018,W00677,J00677
Winding,2025-04-05 11:21:13.888483,WINDER005,W00678,J00678
Winding,2025-04-06 11:21:13.888487,WINDER007,W00679,J00679
Winding,2025-04-05 11:21:13.888490,WINDER008,W00680,J00680
Winding,2025-04-08 11:21:13.888491,WINDER001,W00681,J00681
Winding,2025-04-08 11:21:13.888493,WINDER017,W00682,J00682
Winding,2025-04-10 11:21:13.888495,WINDER019,W00683,J00683
Winding,2025-04-05 11:21:13.888496,WINDER015,W00684,J00684
Winding,2025-04-07 11:21:13.888498,WINDER017,W00685,J00685
Winding,2025-04-08 11:21:13.888499,WINDER014,W00686,J00686
Winding,2025-04-06 11:21:13.888501,WINDER006,W00687,J00687
Winding,2025-04-03 11:21:13.888502,WINDER014,W00688,J00688
Winding,2025-04-12 11:21:13.888504,WINDER020,W00689,J00689
Winding,2025-04-03 11:21:13.888506,WINDER002,W00690,J00690
Winding,2025-04-07 11:21:13.888507,WINDER012,W00691,J00691
Winding,2025-04-08 11:21:13.888509,WINDER002,W00692,J00692
Winding,2025-04-12 11:21:13.888510,WINDER008,W00693,J00693
Winding,2025-04-10 11:21:13.888512,WINDER018,W00694,J00694
Winding,2025-04-13 11:21:13.888513,WINDER005,W00695,J00695
Winding,2025-04-04 11:21:13.888515,WINDER018,W00696,J00696
Winding,2025-04-07 11:21:13.888516,WINDER009,W00697,J00697
Winding,2025-04-08 11:21:13.888518,WINDER009,W00698,J00698
Winding,2025-04-10 11:21:13.888519,WINDER018,W00699,J00699
Winding,2025-04-05 11:21:13.888521,WINDER020,W00700,J00700
Winding,2025-04-10 11:21:13.888523,WINDER005,W00701,J00701
Winding,2025-04-03 11:21:13.888524,WINDER012,W00702,J00702
Winding,2025-04-11 11:21:13.888526,WINDER009,W00703,J00703
Winding,2025-04-05 11:21:13.888527,WINDER012,W00704,J00704
Winding,2025-04-05 11:21:13.888529,WINDER016,W00705,J00705
Winding,2025-04-13 11:21:13.888531,WINDER010,W00706,J00706
Winding,2025-04-03 11:21:13.888532,WINDER017,W00707,J00707
Winding,2025-04-04 11:21:13.888534,WINDER010,W00708,J00708
Winding,2025-04-11 11:21:13.888535,WINDER020,W00709,J00709
Winding,2025-04-05 11:21:13.888537,WINDER009,W00710,J00710
Winding,2025-04-11 11:21:13.888539,WINDER005,W00711,J00711
Winding,2025-04-07 11:21:13.888542,WINDER005,W00712,J00712
Winding,2025-04-08 11:21:13.888556,WINDER010,W00713,J00713
Winding,2025-04-05 11:21:13.888559,WINDER001,W00714,J00714
Winding,2025-04-08 11:21:13.888562,WINDER008,W00715,J00715
Winding,2025-04-09 11:21:13.888564,WINDER017,W00716,J00716
Winding,2025-04-05 11:21:13.888567,WINDER015,W00717,J00717
Winding,2025-04-03 11:21:13.888569,WINDER004,W00718,J00718
Winding,2025-04-06 11:21:13.888572,WINDER003,W00719,J00719
Winding,2025-04-07 11:21:13.888575,WINDER010,W00720,J00720
Winding,2025-04-09 11:21:13.888577,WINDER008,W00721,J00721
Winding,2025-04-06 11:21:13.888580,WINDER012,W00722,J00722
Winding,2025-04-04 11:21:13.888583,WINDER005,W00723,J00723
Winding,2025-04-06 11:21:13.888586,WINDER009,W00724,J00724
Winding,2025-04-13 11:21:13.888589,WINDER005,W00725,J00725
Winding,2025-04-12 11:21:13.888592,WINDER010,W00726,J00726
Winding,2025-04-06 11:21:13.888595,WINDER002,W00727,J00727
Winding,2025-04-12 11:21:13.888598,WINDER017,W00728,J00728
Winding,2025-04-10 11:21:13.888601,WINDER017,W00729,J00729
Winding,2025-04-04 11:21:13.888604,WINDER001,W00730,J00730
Winding,2025-04-04 11:21:13.888607,WINDER007,W00731,J00731
Winding,2025-04-05 11:21:13.888610,WINDER001,W00732,J00732
Winding,2025-04-10 11:21:13.888614,WINDER019,W00733,J00733
Winding,2025-04-13 11:21:13.888617,WINDER012,W00734,J00734
Winding,2025-04-03 11:21:13.888619,WINDER004,W00735,J00735
Winding,2025-04-08 11:21:13.888621,WINDER012,W00736,J00736
Winding,2025-04-12 11:21:13.888623,WINDER012,W00737,J00737
Winding,2025-04-04 11:21:13.888624,WINDER015,W00738,J00738
Winding,2025-04-11 11:21:13.888626,WINDER015,W00739,J00739
Winding,2025-04-13 11:21:13.888627,WINDER004,W00740,J00740
Winding,2025-04-11 11:21:13.888629,WINDER013,W00741,J00741
Winding,2025-04-03 11:21:13.888630,WINDER016,W00742,J00742
Winding,2025-04-04 11:21:13.888632,WINDER016,W00743,J00743
Winding,2025-04-11 11:21:13.888633,WINDER020,W00744,J00744
Winding,2025-04-09 11:21:13.888635,WINDER014,W00745,J00745
Winding,2025-04-03 11:21:13.888636,WINDER005,W00746,J00746
Winding,2025-04-06 11:21:13.888638,WINDER007,W00747,J00747
Winding,2025-04-13 11:21:13.888639,WINDER007,W00748,J00748
Winding,2025-04-08 11:21:13.888641,WINDER005,W00749,J00749
Winding,2025-04-09 11:21:13.888642,WINDER014,W00750,J00750
Winding,2025-04-12 11:21:13.888644,WINDER005,W00751,J00751
Winding,2025-04-09 11:21:13.888645,WINDER010,W00752,J00752
Winding,2025-04-07 11:21:13.888647,WINDER019,W00753,J00753
Winding,2025-04-08 11:21:13.888650,WINDER013,W00754,J00754
Winding,2025-04-10 11:21:13.888652,WINDER019,W00755,J00755
Winding,2025-04-08 11:21:13.888653,WINDER002,W00756,J00756
Winding,2025-04-04 11:21:13.888654,WINDER006,W00757,J00757
Winding,2025-04-12 11:21:13.888656,WINDER002,W00758,J00758
Winding,2025-04-04 11:21:13.888657,WINDER008,W00759,J00759
Winding,2025-04-13 11:21:13.888659,WINDER008,W00760,J00760
Winding,2025-04-11 11:21:13.888661,WINDER012,W00761,J00761
Winding,2025-04-08 11:21:13.888664,WINDER003,W00762,J00762
Winding,2025-04-12 11:21:13.888666,WINDER002,W00763,J00763
Winding,2025-04-10 11:21:13.888669,WINDER009,W00764,J00764
Winding,2025-04-03 11:21:13.888673,WINDER008,W00765,J00765
Winding,2025-04-04 11:21:13.888675,WINDER004,W00766,J00766
Winding,2025-04-07 11:21:13.888679,WINDER019,W00767,J00767
Winding,2025-04-10 11:21:13.888682,WINDER013,W00768,J00768
Winding,2025-04-03 11:21:13.888685,WINDER011,W00769,J00769
Winding,2025-04-10 11:21:13.888688,WINDER018,W00770,J00770
Winding,2025-04-06 11:21:13.888692,WINDER019,W00771,J00771
Winding,2025-04-09 11:21:13.888695,WINDER002,W00772,J00772
Winding,2025-04-08 11:21:13.888698,WINDER001,W00773,J00773
Winding,2025-04-12 11:21:13.888701,WINDER012,W00774,J00774
Winding,2025-04-09 11:21:13.888703,WINDER009,W00775,J00775
Winding,2025-04-09 11:21:13.888704,WINDER015,W00776,J00776
Winding,2025-04-09 11:21:13.888707,WINDER009,W00777,J00777
Winding,2025-04-08 11:21:13.888709,WINDER018,W00778,J00778
Winding,2025-04-07 11:21:13.888712,WINDER014,W00779,J00779
Winding,2025-04-03 11:21:13.888715,WINDER015,W00780,J00780
Winding,2025-04-10 11:21:13.888718,WINDER013,W00781,J00781
Winding,2025-04-08 11:21:13.888721,WINDER006,W00782,J00782
Winding,2025-04-13 11:21:13.888724,WINDER020,W00783,J00783
Winding,2025-04-11 11:21:13.888727,WINDER017,W00784,J00784
Winding,2025-04-11 11:21:13.888730,WINDER001,W00785,J00785
Winding,2025-04-07 11:21:13.888732,WINDER007,W00786,J00786
Winding,2025-04-05 11:21:13.888736,WINDER019,W00787,J00787
Winding,2025-04-10 11:21:13.888738,WINDER012,W00788,J00788
Winding,2025-04-08 11:21:13.888741,WINDER019,W00789,J00789
Winding,2025-04-13 11:21:13.888744,WINDER019,W00790,J00790
Winding,2025-04-13 11:21:13.888747,WINDER006,W00791,J00791
Winding,2025-04-09 11:21:13.888750,WINDER020,W00792,J00792
Winding,2025-04-03 11:21:13.888753,WINDER003,W00793,J00793
Winding,2025-04-03 11:21:13.888755,WINDER015,W00794,J00794
Winding,2025-04-12 11:21:13.888756,WINDER009,W00795,J00795
Winding,2025-04-06 11:21:13.888758,WINDER018,W00796,J00796
Winding,2025-04-04 11:21:13.888760,WINDER015,W00797,J00797
Winding,2025-04-08 11:21:13.888761,WINDER005,W00798,J00798
Winding,2025-04-13 11:21:13.888763,WINDER017,W00799,J00799
Winding,2025-04-12 11:21:13.888764,WINDER012,W00800,J00800
Winding,2025-04-03 11:21:13.888766,WINDER010,W00801,J00801
Winding,2025-04-04 11:21:13.888767,WINDER004,W00802,J00802
Winding,2025-04-06 11:21:13.888769,WINDER008,W00803,J00803
Winding,2025-04-07 11:21:13.888770,WINDER002,W00804,J00804
Winding,2025-04-07 11:21:13.888772,WINDER011,W00805,J00805
Winding,2025-04-09 11:21:13.888774,WINDER014,W00806,J00806
Winding,2025-04-08 11:21:13.888776,WINDER014,W00807,J00807
Winding,2025-04-08 11:21:13.888779,WINDER018,W00808,J00808
Winding,2025-04-10 11:21:13.888782,WINDER015,W00809,J00809
Winding,2025-04-10 11:21:13.888784,WINDER017,W00810,J00810
Winding,2025-04-09 11:21:13.888787,WINDER018,W00811,J00811
Winding,2025-04-06 11:21:13.888790,WINDER015,W00812,J00812
Winding,2025-04-12 11:21:13.888793,WINDER004,W00813,J00813
Winding,2025-04-13 11:21:13.888796,WINDER001,W00814,J00814
Winding,2025-04-03 11:21:13.888799,WINDER012,W00815,J00815
Winding,2025-04-05 11:21:13.888802,WINDER015,W00816,J00816
Winding,2025-04-07 11:21:13.888804,WINDER011,W00817,J00817
Winding,2025-04-05 11:21:13.888808,WINDER004,W00818,J00818
Winding,2025-04-12 11:21:13.888811,WINDER011,W00819,J00819
Winding,2025-04-03 11:21:13.888813,WINDER006,W00820,J00820
Winding,2025-04-13 11:21:13.888815,WINDER014,W00821,J00821
Winding,2025-04-09 11:21:13.888817,WINDER018,W00822,J00822
Winding,2025-04-12 11:21:13.888818,WINDER011,W00823,J00823
Winding,2025-04-11 11:21:13.888820,WINDER009,W00824,J00824
Winding,2025-04-06 11:21:13.888822,WINDER017,W00825,J00825
Winding,2025-04-13 11:21:13.888823,WINDER007,W00826,J00826
Winding,2025-04-09 11:21:13.888825,WINDER005,W00827,J00827
Winding,2025-04-13 11:21:13.888826,WINDER016,W00828,J00828
Winding,2025-04-08 11:21:13.888828,WINDER012,W00829,J00829
Winding,2025-04-08 11:21:13.888829,WINDER019,W00830,J00830
Winding,2025-04-07 11:21:13.888831,WINDER002,W00831,J00831
Winding,2025-04-09 11:21:13.888832,WINDER003,W00832,J00832
Winding,2025-04-08 11:21:13.888834,WINDER015,W00833,J00833
Winding,2025-04-07 11:21:13.888835,WINDER016,W00834,J00834
Winding,2025-04-07 11:21:13.888837,WINDER001,W00835,J00835
Winding,2025-04-08 11:21:13.888838,WINDER015,W00836,J00836
Winding,2025-04-07 11:21:13.888840,WINDER012,W00837,J00837
Winding,2025-04-03 11:21:13.888841,WINDER008,W00838,J00838
Winding,2025-04-04 11:21:13.888843,WINDER012,W00839,J00839
Winding,2025-04-12 11:21:13.888845,WINDER017,W00840,J00840
Winding,2025-04-06 11:21:13.888846,WINDER019,W00841,J00841
Winding,2025-04-11 11:21:13.888848,WINDER014,W00842,J00842
Winding,2025-04-10 11:21:13.888849,WINDER008,W00843,J00843
Winding,2025-04-13 11:21:13.888851,WINDER007,W00844,J00844
Winding,2025-04-10 11:21:13.888853,WINDER003,W00845,J00845
Winding,2025-04-10 11:21:13.888856,WINDER007,W00846,J00846
Winding,2025-04-13 11:21:13.888859,WINDER003,W00847,J00847
Winding,2025-04-13 11:21:13.888862,WINDER003,W00848,J00848
Winding,2025-04-09 11:21:13.888864,WINDER011,W00849,J00849
Winding,2025-04-05 11:21:13.888867,WINDER012,W00850,J00850
Winding,2025-04-10 11:21:13.888870,WINDER013,W00851,J00851
Winding,2025-04-07 11:21:13.888873,WINDER011,W00852,J00852
Winding,2025-04-03 11:21:13.888877,WINDER016,W00853,J00853
Winding,2025-04-13 11:21:13.888880,WINDER020,W00854,J00854
Winding,2025-04-05 11:21:13.888883,WINDER020,W00855,J00855
Winding,2025-04-08 11:21:13.888886,WINDER002,W00856,J00856
Winding,2025-04-11 11:21:13.888887,WINDER015,W00857,J00857
Winding,2025-04-11 11:21:13.888889,WINDER012,W00858,J00858
Winding,2025-04-09 11:21:13.888890,WINDER019,W00859,J00859
Winding,2025-04-12 11:21:13.888892,WINDER005,W00860,J00860
Winding,2025-04-06 11:21:13.888894,WINDER019,W00861,J00861
Winding,2025-04-04 11:21:13.888897,WINDER016,W00862,J00862
Winding,2025-04-06 11:21:13.888899,WINDER002,W00863,J00863
Winding,2025-04-04 11:21:13.888901,WINDER012,W00864,J00864
Winding,2025-04-07 11:21:13.888902,WINDER018,W00865,J00865
Winding,2025-04-10 11:21:13.888904,WINDER009,W00866,J00866
Winding,2025-04-09 11:21:13.888905,WINDER012,W00867,J00867
Winding,2025-04-08 11:21:13.888907,WINDER003,W00868,J00868
Winding,2025-04-10 11:21:13.888909,WINDER002,W00869,J00869
Winding,2025-04-11 11:21:13.888910,WINDER018,W00870,J00870
Winding,2025-04-08 11:21:13.888912,WINDER020,W00871,J00871
Winding,2025-04-09 11:21:13.888913,WINDER008,W00872,J00872
Winding,2025-04-06 11:21:13.888915,WINDER007,W00873,J00873
Winding,2025-04-13 11:21:13.888916,WINDER019,W00874,J00874
Winding,2025-04-10 11:21:13.888917,WINDER003,W00875,J00875
Winding,2025-04-09 11:21:13.888919,WINDER002,W00876,J00876
Winding,2025-04-09 11:21:13.888921,WINDER018,W00877,J00877
Winding,2025-04-11 11:21:13.888922,WINDER002,W00878,J00878
Winding,2025-04-12 11:21:13.888924,WINDER010,W00879,J00879
Winding,2025-04-09 11:21:13.888925,WINDER004,W00880,J00880
Winding,2025-04-12 11:21:13.888927,WINDER012,W00881,J00881
Winding,2025-04-08 11:21:13.888928,WINDER012,W00882,J00882
Winding,2025-04-03 11:21:13.888930,WINDER020,W00883,J00883
Winding,2025-04-08 11:21:13.888931,WINDER009,W00884,J00884
Winding,2025-04-05 11:21:13.888933,WINDER017,W00885,J00885
Winding,2025-04-04 11:21:13.888935,WINDER013,W00886,J00886
Winding,2025-04-07 11:21:13.888936,WINDER008,W00887,J00887
Winding,2025-04-12 11:21:13.888938,WINDER006,W00888,J00888
Winding,2025-04-06 11:21:13.888939,WINDER014,W00889,J00889
Winding,2025-04-09 11:21:13.888941,WINDER017,W00890,J00890
Winding,2025-04-10 11:21:13.888942,WINDER015,W00891,J00891
Winding,2025-04-12 11:21:13.888944,WINDER017,W00892,J00892
Winding,2025-04-05 11:21:13.888945,WINDER016,W00893,J00893
Winding,2025-04-13 11:21:13.888947,WINDER007,W00894,J00894
Winding,2025-04-03 11:21:13.888948,WINDER010,W00895,J00895
Winding,2025-04-03 11:21:13.888950,WINDER017,W00896,J00896
Winding,2025-04-06 11:21:13.888952,WINDER007,W00897,J00897
Winding,2025-04-12 11:21:13.888953,WINDER011,W00898,J00898
Winding,2025-04-05 11:21:13.888955,WINDER015,W00899,J00899
Winding,2025-04-06 11:21:13.888956,WINDER015,W00900,J00900
Winding,2025-04-08 11:21:13.888958,WINDER008,W00901,J00901
Winding,2025-04-06 11:21:13.888959,WINDER017,W00902,J00902
Winding,2025-04-08 11:21:13.888961,WINDER012,W00903,J00903
Winding,2025-04-08 11:21:13.888962,WINDER005,W00904,J00904
Winding,2025-04-13 11:21:13.888964,WINDER008,W00905,J00905
Winding,2025-04-07 11:21:13.888966,WINDER016,W00906,J00906
Winding,2025-04-12 11:21:13.888967,WINDER014,W00907,J00907
Winding,2025-04-05 11:21:13.888969,WINDER004,W00908,J00908
Winding,2025-04-06 11:21:13.888970,WINDER014,W00909,J00909
Winding,2025-04-05 11:21:13.888972,WINDER017,W00910,J00910
Winding,2025-04-06 11:21:13.888973,WINDER016,W00911,J00911
Winding,2025-04-12 11:21:13.888975,WINDER001,W00912,J00912
Winding,2025-04-10 11:21:13.888976,WINDER008,W00913,J00913
Winding,2025-04-10 11:21:13.888978,WINDER002,W00914,J00914
Winding,2025-04-06 11:21:13.888979,WINDER011,W00915,J00915
Winding,2025-04-11 11:21:13.888981,WINDER014,W00916,J00916
Winding,2025-04-12 11:21:13.888982,WINDER006,W00917,J00917
Winding,2025-04-07 11:21:13.888984,WINDER001,W00918,J00918
Winding,2025-04-12 11:21:13.888985,WINDER020,W00919,J00919
Winding,2025-04-07 11:21:13.888987,WINDER002,W00920,J00920
Winding,2025-04-03 11:21:13.888989,WINDER007,W00921,J00921
Winding,2025-04-04 11:21:13.888990,WINDER011,W00922,J00922
Winding,2025-04-07 11:21:13.888992,WINDER005,W00923,J00923
Winding,2025-04-10 11:21:13.888993,WINDER003,W00924,J00924
Winding,2025-04-10 11:21:13.888995,WINDER009,W00925,J00925
Winding,2025-04-05 11:21:13.888996,WINDER001,W00926,J00926
Winding,2025-04-10 11:21:13.888998,WINDER016,W00927,J00927
Winding,2025-04-10 11:21:13.888999,WINDER019,W00928,J00928
Winding,2025-04-13 11:21:13.889001,WINDER003,W00929,J00929
Winding,2025-04-10 11:21:13.889002,WINDER016,W00930,J00930
Winding,2025-04-07 11:21:13.889004,WINDER016,W00931,J00931
Winding,2025-04-06 11:21:13.889005,WINDER002,W00932,J00932
Winding,2025-04-10 11:21:13.889007,WINDER020,W00933,J00933
Winding,2025-04-07 11:21:13.889009,WINDER017,W00934,J00934
Winding,2025-04-05 11:21:13.889010,WINDER010,W00935,J00935
Winding,2025-04-05 11:21:13.889012,WINDER009,W00936,J00936
Winding,2025-04-05 11:21:13.889013,WINDER012,W00937,J00937
Winding,2025-04-05 11:21:13.889015,WINDER011,W00938,J00938
Winding,2025-04-13 11:21:13.889016,WINDER018,W00939,J00939
Winding,2025-04-08 11:21:13.889017,WINDER001,W00940,J00940
Winding,2025-04-07 11:21:13.889020,WINDER017,W00941,J00941
Winding,2025-04-08 11:21:13.889021,WINDER016,W00942,J00942
Winding,2025-04-05 11:21:13.889023,WINDER016,W00943,J00943
Winding,2025-04-06 11:21:13.889024,WINDER015,W00944,J00944
Winding,2025-04-04 11:21:13.889026,WINDER003,W00945,J00945
Winding,2025-04-11 11:21:13.889027,WINDER003,W00946,J00946
Winding,2025-04-08 11:21:13.889029,WINDER002,W00947,J00947
Winding,2025-04-03 11:21:13.889030,WINDER013,W00948,J00948
Winding,2025-04-09 11:21:13.889032,WINDER010,W00949,J00949
Winding,2025-04-08 11:21:13.889033,WINDER004,W00950,J00950
Winding,2025-04-13 11:21:13.889040,WINDER016,W00951,J00951
Winding,2025-04-12 11:21:13.889042,WINDER009,W00952,J00952
Winding,2025-04-05 11:21:13.889044,WINDER019,W00953,J00953
Winding,2025-04-10 11:21:13.889047,WINDER010,W00954,J00954
Winding,2025-04-09 11:21:13.889050,WINDER002,W00955,J00955
Winding,2025-04-08 11:21:13.889053,WINDER019,W00956,J00956
Winding,2025-04-05 11:21:13.889056,WINDER011,W00957,J00957
Winding,2025-04-05 11:21:13.889059,WINDER014,W00958,J00958
Winding,2025-04-07 11:21:13.889061,WINDER011,W00959,J00959
Winding,2025-04-09 11:21:13.889065,WINDER009,W00960,J00960
Winding,2025-04-05 11:21:13.889068,WINDER012,W00961,J00961
Winding,2025-04-06 11:21:13.889069,WINDER006,W00962,J00962
Winding,2025-04-10 11:21:13.889071,WINDER011,W00963,J00963
Winding,2025-04-03 11:21:13.889072,WINDER011,W00964,J00964
Winding,2025-04-05 11:21:13.889074,WINDER006,W00965,J00965
Winding,2025-04-13 11:21:13.889076,WINDER007,W00966,J00966
Winding,2025-04-03 11:21:13.889077,WINDER005,W00967,J00967
Winding,2025-04-06 11:21:13.889079,WINDER017,W00968,J00968
Winding,2025-04-10 11:21:13.889080,WINDER013,W00969,J00969
Winding,2025-04-13 11:21:13.889082,WINDER011,W00970,J00970
Winding,2025-04-07 11:21:13.889083,WINDER008,W00971,J00971
Winding,2025-04-03 11:21:13.889085,WINDER003,W00972,J00972
Winding,2025-04-11 11:21:13.889087,WINDER018,W00973,J00973
Winding,2025-04-10 11:21:13.889090,WINDER015,W00974,J00974
Winding,2025-04-07 11:21:13.889092,WINDER019,W00975,J00975
Winding,2025-04-08 11:21:13.889093,WINDER018,W00976,J00976
Winding,2025-04-12 11:21:13.889095,WINDER019,W00977,J00977
Winding,2025-04-11 11:21:13.889096,WINDER011,W00978,J00978
Winding,2025-04-09 11:21:13.889098,WINDER020,W00979,J00979
Winding,2025-04-10 11:21:13.889100,WINDER018,W00980,J00980
Winding,2025-04-13 11:21:13.889101,WINDER007,W00981,J00981
Winding,2025-04-06 11:21:13.889102,WINDER014,W00982,J00982
Winding,2025-04-03 11:21:13.889104,WINDER017,W00983,J00983
Winding,2025-04-03 11:21:13.889106,WINDER019,W00984,J00984
Winding,2025-04-03 11:21:13.889107,WINDER007,W00985,J00985
Winding,2025-04-05 11:21:13.889109,WINDER002,W00986,J00986
Winding,2025-04-08 11:21:13.889110,WINDER005,W00987,J00987
Winding,2025-04-07 11:21:13.889112,WINDER014,W00988,J00988
Winding,2025-04-06 11:21:13.889113,WINDER010,W00989,J00989
Winding,2025-04-11 11:21:13.889115,WINDER005,W00990,J00990
Winding,2025-04-11 11:21:13.889117,WINDER001,W00991,J00991
Winding,2025-04-03 11:21:13.889118,WINDER009,W00992,J00992
Winding,2025-04-07 11:21:13.889120,WINDER017,W00993,J00993
Winding,2025-04-09 11:21:13.889121,WINDER014,W00994,J00994
Winding,2025-04-03 11:21:13.889123,WINDER011,W00995,J00995
Winding,2025-04-04 11:21:13.889125,WINDER012,W00996,J00996
Winding,2025-04-13 11:21:13.889127,WINDER008,W00997,J00997
Winding,2025-04-08 11:21:13.889130,WINDER006,W00998,J00998
Winding,2025-04-09 11:21:13.889133,WINDER006,W00999,J00999
Winding,2025-04-09 11:21:13.889136,WINDER005,W01000,J01000
